ID,name,Jee marks,school name,date of application,Father name,Mother name,EmailId,ContactNo,Gender,School completion date,City,CBSE marks
1,Marigold Jefferson,334.227346059041,Gymnasium,3/28/2022,Marigold Jefferson,Marigold Jefferson,Marigold_Jefferson7971@brety.org,6-670-642-2700,Female,9/19/2020,Garland,186.355160947123
2,Scarlett Sylvester,53.2208226491794,High school,3/30/2022,Scarlett Sylvester,Scarlett Sylvester,Scarlett_Sylvester2823@joiniaa.com,4-671-564-7814,Female,6/25/2021,Norfolk,87.8843823442628
3,Alessia Jarrett,357.186731181194,Public university,3/22/2022,Alessia Jarrett,Alessia Jarrett,Alessia_Jarrett9920@deavo.com,3-555-231-8860,Female,1/8/2022,Orlando,158.104329422631
4,Tyler Rowlands,455.956346445231,Technical college,4/15/2022,Tyler Rowlands,Tyler Rowlands,Tyler_Rowlands1133@gembat.biz,6-841-001-5175,Male,6/11/2021,Henderson,186.791761532795
5,Clint Murray,158.660508945892,Junior college,4/2/2022,Clint Murray,Clint Murray,Clint_Murray6847@yahoo.com,6-753-438-0521,Male,9/17/2021,Columbus,199.023457415413
6,Marilyn Edwards,491.688748048473,University college,3/25/2022,Marilyn Edwards,Marilyn Edwards,Marilyn_Edwards3591@famism.biz,2-477-008-0417,Female,11/28/2021,Paris,19.3206767855774
7,Barney Cox,-21.1210326604177,University-preparatory school,4/12/2022,Barney Cox,Barney Cox,Barney_Cox6221@deons.tech,6-228-486-0258,Male,12/27/2020,Zurich,116.791910427991
8,Adelaide Utterson,89.9539062296757,Corporate university,3/16/2022,Adelaide Utterson,Adelaide Utterson,Adelaide_Utterson1333@liret.org,0-701-743-4740,Female,1/29/2021,Worcester,43.6991027326785
9,Britney Crawford,-94.5950693299971,High school,4/17/2022,Britney Crawford,Britney Crawford,Britney_Crawford9788@bretoux.com,8-137-621-3580,Female,6/23/2020,Hayward,6.54495891115859
10,Penelope Griffiths,261.107854046443,Corporate university,4/11/2022,Penelope Griffiths,Penelope Griffiths,Penelope_Griffiths2303@gmail.com,2-710-702-1438,Female,6/19/2021,Prague,135.067084923418
11,Nancy Paterson,272.211361463746,University-preparatory school,3/30/2022,Nancy Paterson,Nancy Paterson,Nancy_Paterson5786@typill.biz,4-356-184-2848,Female,4/8/2022,Lincoln,135.952710011486
12,Johnathan Casey,338.421732006791,University college,3/11/2022,Johnathan Casey,Johnathan Casey,Johnathan_Casey7037@jiman.org,2-854-602-0814,Male,3/8/2022,Lisbon,-0.415941146396073
13,Mark Rose,280.107787311593,University college,4/2/2022,Mark Rose,Mark Rose,Mark_Rose9516@bulaffy.com,0-125-136-6865,Male,10/17/2021,Valetta,-3.42526126253664
14,Teagan Reid,174.976923771192,University-preparatory school,3/15/2022,Teagan Reid,Teagan Reid,Teagan_Reid8985@liret.org,0-023-853-4122,Female,4/14/2021,Lakewood,-5.11519660899192
15,Makenzie Becker,-99.7063456772391,University-preparatory school,4/6/2022,Makenzie Becker,Makenzie Becker,Makenzie_Becker9615@infotech44.tech,6-044-847-6104,Female,8/16/2021,Long Beach,102.408973016501
16,Joseph Drummond,-0.834851713774191,High school,3/2/2022,Joseph Drummond,Joseph Drummond,Joseph_Drummond3538@tonsy.org,6-224-480-8302,Male,9/16/2021,Hollywood,73.7958509855884
17,Carla Tate,124.203685557099,University college,4/14/2022,Carla Tate,Carla Tate,Carla_Tate4750@sheye.org,4-677-036-4815,Female,4/25/2021,Fremont,144.691830701983
18,Martin Andrews,125.524604582472,Junior college,4/13/2022,Martin Andrews,Martin Andrews,Martin_Andrews6374@bretoux.com,8-827-876-8828,Male,10/21/2021,Jacksonville,49.4540030665016
19,Makenzie Parr,180.140020056227,Public university,3/20/2022,Makenzie Parr,Makenzie Parr,Makenzie_Parr2395@hourpy.biz,7-285-025-3587,Female,11/3/2021,Orlando,165.027570254648
20,Martin Dickson,450.260987970634,High school,3/24/2022,Martin Dickson,Martin Dickson,Martin_Dickson5712@deons.tech,6-630-474-3518,Male,11/1/2021,Springfield,95.7792377834112
21,Joseph Norman,439.195572374945,University college,3/20/2022,Joseph Norman,Joseph Norman,Joseph_Norman731@hourpy.biz,6-071-835-0604,Male,7/27/2020,Tokyo,37.7798714003432
22,Leroy Samuel,335.347819253033,University-preparatory school,4/11/2022,Leroy Samuel,Leroy Samuel,Leroy_Samuel2186@vetan.org,6-431-780-4273,Male,12/23/2021,Chicago,69.2636382595001
23,Danielle Potts,108.571051504263,Gymnasium,3/14/2022,Danielle Potts,Danielle Potts,Danielle_Potts1769@liret.org,8-436-775-3186,Female,2/26/2022,Fayetteville,134.096105437305
24,Gabriel Coll,271.991466723378,Gymnasium,3/11/2022,Gabriel Coll,Gabriel Coll,Gabriel_Coll4302@supunk.biz,3-154-445-8888,Male,7/10/2021,Moreno Valley,23.396097872125
25,Thea Brett,171.203401796149,Middle school,4/15/2022,Thea Brett,Thea Brett,Thea_Brett200@gmail.com,7-752-333-2346,Female,11/28/2021,Tokyo,121.788766763075
26,Andie Watson,499.398715044557,Graduate school,4/3/2022,Andie Watson,Andie Watson,Andie_Watson617@qater.org,2-841-206-0037,Female,3/10/2022,Fort Lauderdale,61.9237752151321
27,Savannah Cavanagh,491.327103350464,University college,4/8/2022,Savannah Cavanagh,Savannah Cavanagh,Savannah_Cavanagh90@fuliss.net,6-353-228-4835,Female,7/19/2021,Richmond,88.0391031522486
28,Ronald Wood,325.753666289502,University-preparatory school,4/15/2022,Ronald Wood,Ronald Wood,Ronald_Wood8417@sheye.org,3-030-527-5317,Male,4/10/2022,Fort Lauderdale,70.7328562087998
29,Jack Irving,370.005300682506,Middle school,4/2/2022,Jack Irving,Jack Irving,Jack_Irving431@joiniaa.com,0-152-620-5637,Male,4/12/2020,Tallahassee,60.5805176303631
30,Tony Alexander,380.331430745,High school,3/13/2022,Tony Alexander,Tony Alexander,Tony_Alexander4464@hourpy.biz,3-376-731-3006,Male,9/7/2021,Hayward,79.932241218133
31,Phillip Garcia,477.26484537137,Graduate school,3/16/2022,Phillip Garcia,Phillip Garcia,Phillip_Garcia8600@deons.tech,5-244-213-7208,Male,4/19/2020,Reno,155.48493411368
32,Ryan Stevens,406.171190421642,University college,3/19/2022,Ryan Stevens,Ryan Stevens,Ryan_Stevens1330@nimogy.biz,8-280-611-5535,Male,5/12/2021,Honolulu,106.220727276625
33,Boris Roth,74.5137734327064,University college,3/22/2022,Boris Roth,Boris Roth,Boris_Roth6712@ovock.tech,2-138-202-0851,Male,8/12/2020,Berna,65.4371322642253
34,Noah Redfern,251.948021460766,Public university,4/16/2022,Noah Redfern,Noah Redfern,Noah_Redfern8419@jiman.org,6-732-316-0754,Male,3/26/2022,Rome,37.1401850865875
35,Clint Rogers,-87.9474034341739,Public university,3/30/2022,Clint Rogers,Clint Rogers,Clint_Rogers5966@hourpy.biz,6-024-066-0162,Male,4/28/2020,Seattle,192.842816589327
36,Alan Owens,464.755593204291,Middle school,4/12/2022,Alan Owens,Alan Owens,Alan_Owens7529@typill.biz,6-276-250-8371,Male,9/17/2020,Irving,-3.00922295917255
37,Rosalee Richards,301.587990767131,University college,3/7/2022,Rosalee Richards,Rosalee Richards,Rosalee_Richards3676@irrepsy.com,1-375-225-6828,Female,6/26/2020,Worcester,33.8807271741707
38,Barry Samuel,318.812308140477,Graduate school,3/31/2022,Barry Samuel,Barry Samuel,Barry_Samuel980@naiker.biz,7-830-535-6602,Male,11/16/2021,Worcester,95.4157108014523
39,Penelope Clarke,296.264118637547,Graduate school,4/3/2022,Penelope Clarke,Penelope Clarke,Penelope_Clarke392@irrepsy.com,5-741-478-4384,Female,7/26/2021,Santa Ana,67.0631874208633
40,Owen Walter,-28.3128155634333,Technical college,3/17/2022,Owen Walter,Owen Walter,Owen_Walter3031@acrit.org,0-655-127-4650,Male,4/17/2022,Long Beach,115.773599805671
41,Josh Roman,145.816422945269,Gymnasium,4/6/2022,Josh Roman,Josh Roman,Josh_Roman7049@acrit.org,4-054-302-5588,Male,5/4/2020,Bakersfield,68.3206313221346
42,William Hall,-79.5463707319211,University-preparatory school,3/15/2022,William Hall,William Hall,William_Hall5422@eirey.tech,3-024-030-6808,Male,12/28/2020,Rochester,58.6242737949939
43,Sebastian Locke,477.31445644112,Graduate school,3/1/2022,Sebastian Locke,Sebastian Locke,Sebastian_Locke2583@iatim.tech,1-055-171-5685,Male,9/16/2021,Orlando,21.9268012242051
44,Nate Rigg,415.007678831465,Technical college,3/6/2022,Nate Rigg,Nate Rigg,Nate_Rigg1710@deons.tech,5-637-163-0406,Male,9/2/2021,Memphis,59.3484106032869
45,Liam Booth,301.288292657253,University-preparatory school,3/9/2022,Liam Booth,Liam Booth,Liam_Booth8981@bungar.biz,5-580-522-7800,Male,4/15/2021,Louisville,-1.14253250935233
46,Manuel Lee,167.211000006744,Graduate school,3/3/2022,Manuel Lee,Manuel Lee,Manuel_Lee696@supunk.biz,8-510-274-7884,Male,9/1/2021,Bridgeport,87.0119316680412
47,Ronald Edler,41.0721199368462,Gymnasium,3/8/2022,Ronald Edler,Ronald Edler,Ronald_Edler2088@bulaffy.com,7-850-635-5381,Male,8/29/2021,Valetta,95.8857460831691
48,Daniel Howard,405.376595213253,High school,3/21/2022,Daniel Howard,Daniel Howard,Daniel_Howard988@sheye.org,2-605-406-1707,Male,11/23/2020,Reno,147.391756291684
49,Alan Ramsey,348.989890828258,Corporate university,3/3/2022,Alan Ramsey,Alan Ramsey,Alan_Ramsey2702@cispeto.com,4-218-156-6663,Male,1/16/2021,Omaha,72.870002125795
50,Ciara Roscoe,386.529531296124,Technical college,4/17/2022,Ciara Roscoe,Ciara Roscoe,Ciara_Roscoe7713@acrit.org,7-452-317-1880,Female,6/20/2021,El Paso,104.521555632596
51,Chuck Ellwood,438.197049303538,Corporate university,3/23/2022,Chuck Ellwood,Chuck Ellwood,Chuck_Ellwood5369@ovock.tech,2-835-477-8362,Male,1/10/2021,Phoenix,187.616228320923
52,Barry Wooldridge,-59.6346078029064,Graduate school,4/1/2022,Barry Wooldridge,Barry Wooldridge,Barry_Wooldridge5534@corti.com,8-306-622-0405,Male,4/4/2020,El Paso,148.249059128225
53,Lana Neal,100.739063071897,Graduate school,4/12/2022,Lana Neal,Lana Neal,Lana_Neal4638@supunk.biz,0-713-435-2837,Female,8/8/2020,Sacramento,174.122003367228
54,Chanelle Edley,269.050648354483,Junior college,3/3/2022,Chanelle Edley,Chanelle Edley,Chanelle_Edley2617@deons.tech,1-054-373-8124,Female,5/7/2021,Bakersfield,116.808320226059
55,Nicholas Gonzales,491.700443643006,University-preparatory school,3/10/2022,Nicholas Gonzales,Nicholas Gonzales,Nicholas_Gonzales468@jiman.org,3-626-041-3228,Male,8/27/2020,Madison,151.895973291665
56,Mandy Milner,460.763661630342,University-preparatory school,3/5/2022,Mandy Milner,Mandy Milner,Mandy_Milner6363@jiman.org,4-100-518-4581,Female,4/11/2020,Miami,-0.892985233055887
57,Adalind Evans,409.525417016598,Graduate school,4/7/2022,Adalind Evans,Adalind Evans,Adalind_Evans6112@famism.biz,2-504-712-7752,Female,9/18/2020,London,111.296279180002
58,Angelique Glass,467.973426736413,Corporate university,3/14/2022,Angelique Glass,Angelique Glass,Angelique_Glass6611@muall.tech,5-088-888-0512,Female,7/7/2020,Hollywood,168.853268390453
59,Isla Collins,-20.00226620352,Middle school,4/3/2022,Isla Collins,Isla Collins,Isla_Collins6957@mafthy.com,8-186-225-5845,Female,10/12/2020,Amarillo,102.657083266721
60,Kurt Miller,190.957413766513,Gymnasium,4/12/2022,Kurt Miller,Kurt Miller,Kurt_Miller9080@jiman.org,4-852-013-0232,Male,9/5/2021,Boston,58.8701468337654
61,Barney Sheldon,15.7958599425833,Public university,4/5/2022,Barney Sheldon,Barney Sheldon,Barney_Sheldon3695@bauros.biz,3-010-754-7554,Male,6/2/2020,Detroit,198.001003894024
62,Aiden Gilmore,366.185870024928,Technical college,4/4/2022,Aiden Gilmore,Aiden Gilmore,Aiden_Gilmore2571@mafthy.com,5-867-740-1264,Male,5/10/2021,Innsbruck,-8.0697327261184
63,Cristal Ashwell,286.242856820693,Public university,3/13/2022,Cristal Ashwell,Cristal Ashwell,Cristal_Ashwell7997@ubusive.com,4-387-336-1277,Female,5/11/2020,Scottsdale,-3.39437241079024
64,Crystal Gibson,-15.1613181201561,Junior college,3/16/2022,Crystal Gibson,Crystal Gibson,Crystal_Gibson4842@corti.com,0-330-846-1647,Female,11/1/2020,Garland,189.021284591882
65,Rowan Ebbs,21.1256681988601,Public university,3/10/2022,Rowan Ebbs,Rowan Ebbs,Rowan_Ebbs9653@bulaffy.com,4-736-267-1677,Female,5/30/2020,Charlotte,121.71623550156
66,Manuel Russell,-69.9993733149019,University college,3/12/2022,Manuel Russell,Manuel Russell,Manuel_Russell3947@gembat.biz,0-652-781-2737,Male,7/15/2021,Houston,53.3489405598254
67,Adalie Wheeler,390.050323092868,Gymnasium,4/6/2022,Adalie Wheeler,Adalie Wheeler,Adalie_Wheeler4943@hourpy.biz,3-257-140-8862,Female,9/20/2021,London,-0.882809576523867
68,Jules Lindop,-2.74220041220179,High school,4/15/2022,Jules Lindop,Jules Lindop,Jules_Lindop6084@fuliss.net,2-353-007-3563,Female,3/18/2021,Hollywood,137.330903166593
69,Penelope Bishop,-75.9060764694149,Public university,3/7/2022,Penelope Bishop,Penelope Bishop,Penelope_Bishop9109@bauros.biz,7-260-416-1345,Female,10/25/2021,Anaheim,31.8234110585523
70,Chloe Oakley,289.906398378269,Junior college,3/17/2022,Chloe Oakley,Chloe Oakley,Chloe_Oakley6824@sheye.org,1-685-165-0824,Female,2/5/2021,Moreno Valley,15.4400815947168
71,Hayden Redden,104.131337221307,Public university,4/1/2022,Hayden Redden,Hayden Redden,Hayden_Redden6109@supunk.biz,2-664-677-7801,Male,10/27/2020,Indianapolis,154.066835476582
72,Celina Stuart,474.916861884257,High school,3/20/2022,Celina Stuart,Celina Stuart,Celina_Stuart8720@naiker.biz,8-381-250-6482,Female,8/22/2021,Bucharest,41.4129365391158
73,Ronald Quinton,411.194193349776,Corporate university,4/7/2022,Ronald Quinton,Ronald Quinton,Ronald_Quinton247@twipet.com,2-021-438-5530,Male,11/15/2021,Paris,29.3406129131748
74,Elisabeth Spencer,177.784533296611,Gymnasium,3/26/2022,Elisabeth Spencer,Elisabeth Spencer,Elisabeth_Spencer7997@bretoux.com,4-360-335-0605,Female,4/3/2022,Long Beach,167.478532563652
75,Caleb Simpson,27.0443284465206,Junior college,4/1/2022,Caleb Simpson,Caleb Simpson,Caleb_Simpson6619@muall.tech,1-715-117-5750,Male,11/12/2021,Baltimore,93.4586578702827
76,Camellia Grady,-18.2200015276764,University-preparatory school,3/11/2022,Camellia Grady,Camellia Grady,Camellia_Grady9460@bretoux.com,1-034-073-2841,Female,5/4/2020,Berna,188.154008823519
77,Beatrice Owen,71.1700307941856,Middle school,4/1/2022,Beatrice Owen,Beatrice Owen,Beatrice_Owen4880@infotech44.tech,8-828-530-1532,Female,1/1/2022,Zurich,18.7863898844395
78,Cedrick Speed,60.5556572105529,University college,4/6/2022,Cedrick Speed,Cedrick Speed,Cedrick_Speed4984@ubusive.com,2-442-664-6036,Male,11/16/2020,New York,152.559167598635
79,Doug Bennett,83.0815158831335,Graduate school,4/1/2022,Doug Bennett,Doug Bennett,Doug_Bennett2087@deavo.com,7-100-028-5373,Male,11/29/2021,Wien,130.308771506096
80,Oliver Wilcox,197.36352929257,Public university,3/8/2022,Oliver Wilcox,Oliver Wilcox,Oliver_Wilcox9858@tonsy.org,7-768-324-8181,Male,7/17/2020,Charlotte,49.6822051795582
81,Martin Cooper,443.096852517732,Gymnasium,4/1/2022,Martin Cooper,Martin Cooper,Martin_Cooper8473@fuliss.net,5-365-812-6656,Male,1/3/2021,Glendale,118.654263651769
82,Ron Brown,79.5585105067857,Junior college,4/13/2022,Ron Brown,Ron Brown,Ron_Brown5759@irrepsy.com,8-284-748-4355,Male,6/3/2020,Lancaster,66.2907182193784
83,Jacob Wilson,80.333318427826,Middle school,3/4/2022,Jacob Wilson,Jacob Wilson,Jacob_Wilson5691@acrit.org,8-116-848-7781,Male,1/25/2022,Pittsburgh,165.360924223606
84,Angelica Weatcroft,339.093718444507,High school,4/17/2022,Angelica Weatcroft,Angelica Weatcroft,Angelica_Weatcroft3639@corti.com,3-726-781-4055,Female,1/31/2022,Arlington,156.854291235495
85,Benny Heaton,265.798264053091,University-preparatory school,3/20/2022,Benny Heaton,Benny Heaton,Benny_Heaton8576@vetan.org,0-447-453-4253,Male,11/8/2020,El Paso,150.557709795217
86,Michael Tutton,461.924348355236,University college,3/9/2022,Michael Tutton,Michael Tutton,Michael_Tutton9182@dionrab.com,4-204-833-3772,Male,1/2/2022,Portland,85.5558009355123
87,Alessandra Chappell,221.070447950657,Middle school,3/29/2022,Alessandra Chappell,Alessandra Chappell,Alessandra_Chappell629@gembat.biz,0-347-023-1342,Female,2/25/2021,Reno,31.8585477386874
88,Boris Mann,357.807054271366,Middle school,4/3/2022,Boris Mann,Boris Mann,Boris_Mann9098@jiman.org,0-661-233-3032,Male,8/28/2021,Jacksonville,155.49791180971
89,Carolyn Palmer,124.46782101992,Middle school,3/29/2022,Carolyn Palmer,Carolyn Palmer,Carolyn_Palmer2658@infotech44.tech,7-412-861-0637,Female,10/29/2020,Philadelphia,88.5989514303389
90,Phillip Ring,-41.6931026916453,Technical college,3/20/2022,Phillip Ring,Phillip Ring,Phillip_Ring6767@nickia.com,0-734-646-6256,Male,3/17/2021,Wien,80.5035679165756
91,Wade Dale,-66.6845233592598,Gymnasium,3/20/2022,Wade Dale,Wade Dale,Wade_Dale5550@nanoff.biz,3-056-878-0516,Male,6/11/2021,Richmond,177.307116170091
92,Jazmin Smith,413.454957055605,Junior college,4/6/2022,Jazmin Smith,Jazmin Smith,Jazmin_Smith5813@famism.biz,1-642-673-6213,Female,8/4/2021,London,186.760934108291
93,Joseph Crawley,140.615682614323,Junior college,3/9/2022,Joseph Crawley,Joseph Crawley,Joseph_Crawley7335@gmail.com,7-015-415-2761,Male,4/15/2022,Norfolk,160.273299353324
94,Andrea Thomson,400.296303869363,Gymnasium,3/19/2022,Andrea Thomson,Andrea Thomson,Andrea_Thomson5930@ovock.tech,4-475-848-8365,Female,4/17/2022,Springfield,191.982779758043
95,Owen Cobb,497.768089513186,Junior college,3/9/2022,Owen Cobb,Owen Cobb,Owen_Cobb2755@corti.com,6-276-515-3507,Male,3/24/2022,Cincinnati,148.966012941192
96,Marvin Morgan,117.298262382996,University-preparatory school,3/26/2022,Marvin Morgan,Marvin Morgan,Marvin_Morgan7247@eirey.tech,7-028-617-5175,Male,7/20/2020,San Antonio,131.342568011183
97,Jackeline Lynch,411.348537627304,Middle school,4/12/2022,Jackeline Lynch,Jackeline Lynch,Jackeline_Lynch1740@bretoux.com,5-878-760-7571,Female,7/9/2021,Madison,84.4829363038218
98,Goldie Lindop,276.364064844029,High school,3/11/2022,Goldie Lindop,Goldie Lindop,Goldie_Lindop6892@muall.tech,5-048-327-1367,Female,9/30/2020,Baltimore,180.652539868212
99,Beatrice Mcneill,474.681789680702,Junior college,3/15/2022,Beatrice Mcneill,Beatrice Mcneill,Beatrice_Mcneill7673@ubusive.com,0-815-615-7852,Female,3/17/2021,Lancaster,54.9901247941843
100,Alexander Butler,294.894328363656,Public university,3/4/2022,Alexander Butler,Alexander Butler,Alexander_Butler8512@vetan.org,5-536-601-6010,Male,2/12/2021,Glendale,114.921977979095
101,Adalie Noon,282.488205773983,Corporate university,3/15/2022,Adalie Noon,Adalie Noon,Adalie_Noon3297@bulaffy.com,6-086-500-8335,Female,3/1/2022,Madrid,115.586360324447
102,Barney Ralph,499.668184687229,Gymnasium,4/15/2022,Barney Ralph,Barney Ralph,Barney_Ralph7395@iatim.tech,0-622-637-7465,Male,2/13/2021,Otawa,80.0615634471465
103,Anthony Rowlands,118.819252990568,University college,3/3/2022,Anthony Rowlands,Anthony Rowlands,Anthony_Rowlands1000@gembat.biz,4-575-154-6746,Male,9/17/2020,San Francisco,31.2294432996909
104,Chad James,391.677884814179,Gymnasium,3/20/2022,Chad James,Chad James,Chad_James1044@sveldo.biz,1-341-856-5016,Male,1/4/2021,Madrid,-3.52364960989153
105,Bob Redden,415.772002296882,Public university,4/8/2022,Bob Redden,Bob Redden,Bob_Redden1936@zorer.org,0-645-762-5865,Male,5/19/2020,Chicago,-5.73385398356889
106,Chloe Crawford,-16.4306939004132,High school,3/25/2022,Chloe Crawford,Chloe Crawford,Chloe_Crawford5193@fuliss.net,8-725-585-1313,Female,11/2/2020,Milwaukee,187.333293233222
107,Selena Yang,-26.7510010855044,Corporate university,3/28/2022,Selena Yang,Selena Yang,Selena_Yang9571@sveldo.biz,3-356-260-5477,Female,2/15/2022,Anaheim,104.696199771807
108,Shay Ulyatt,429.36618775938,University-preparatory school,4/5/2022,Shay Ulyatt,Shay Ulyatt,Shay_Ulyatt491@qater.org,7-400-152-8083,Female,11/17/2021,Wien,40.7068097441023
109,Fiona Varley,45.9377919961409,Technical college,3/27/2022,Fiona Varley,Fiona Varley,Fiona_Varley7011@ubusive.com,5-480-371-4235,Female,10/31/2021,Columbus,162.527100110672
110,Cassidy Lewis,373.621441440015,Junior college,3/12/2022,Cassidy Lewis,Cassidy Lewis,Cassidy_Lewis3331@yahoo.com,2-357-376-2286,Female,2/11/2022,Henderson,88.4496930863008
111,Makena Michael,323.817434955769,Junior college,4/3/2022,Makena Michael,Makena Michael,Makena_Michael7758@muall.tech,8-822-210-6275,Female,6/1/2020,Lisbon,52.7629044581032
112,Andie Ross,282.613487005054,Junior college,3/31/2022,Andie Ross,Andie Ross,Andie_Ross4513@bungar.biz,1-426-552-5216,Female,12/11/2021,Lyon,86.8050712737278
113,Martha Avery,381.602943687515,Corporate university,3/13/2022,Martha Avery,Martha Avery,Martha_Avery3818@corti.com,0-783-570-1266,Female,1/2/2022,Houston,68.0045058373383
114,Gina Hobson,-30.5672369839471,High school,4/6/2022,Gina Hobson,Gina Hobson,Gina_Hobson8869@nanoff.biz,8-856-383-1782,Female,6/3/2021,Washington,169.444705024103
115,Fred Powell,265.423537132993,Junior college,4/4/2022,Fred Powell,Fred Powell,Fred_Powell1414@dionrab.com,7-356-425-5831,Male,11/9/2021,Anaheim,172.804170646148
116,Aeris Clayton,465.464171231475,Junior college,3/16/2022,Aeris Clayton,Aeris Clayton,Aeris_Clayton3860@sheye.org,2-683-180-3662,Female,7/1/2021,Columbus,174.161875935347
117,Mike Flack,374.958344988506,Gymnasium,3/23/2022,Mike Flack,Mike Flack,Mike_Flack229@sveldo.biz,8-457-474-1554,Male,7/13/2021,New York,140.483887624221
118,Harry Edwards,200.980666757552,Junior college,4/13/2022,Harry Edwards,Harry Edwards,Harry_Edwards8667@corti.com,1-652-806-8816,Male,11/19/2020,Bakersfield,119.126051584317
119,Clarissa Yates,150.517130456174,University-preparatory school,3/2/2022,Clarissa Yates,Clarissa Yates,Clarissa_Yates9043@deons.tech,4-603-305-3216,Female,3/18/2021,Oakland,36.7164544820397
120,Cristal Andersson,289.66819441629,Graduate school,3/14/2022,Cristal Andersson,Cristal Andersson,Cristal_Andersson4590@twace.org,3-001-827-5142,Female,5/3/2020,Saint Paul,112.842926928235
121,Mina Santos,-72.664648989525,Public university,3/2/2022,Mina Santos,Mina Santos,Mina_Santos9241@brety.org,3-703-437-8875,Female,11/21/2020,Worcester,19.3287605025474
122,Sebastian Carter,248.751072124462,University-preparatory school,3/1/2022,Sebastian Carter,Sebastian Carter,Sebastian_Carter8250@qater.org,4-277-006-6475,Male,5/9/2020,Portland,55.4332995398125
123,Jackeline Whinter,152.477850401531,Junior college,3/13/2022,Jackeline Whinter,Jackeline Whinter,Jackeline_Whinter7149@nimogy.biz,0-181-346-6573,Female,9/19/2021,Norfolk,4.27676896391286
124,Erick Clarkson,494.960577762202,High school,4/9/2022,Erick Clarkson,Erick Clarkson,Erick_Clarkson7077@brety.org,2-704-605-0215,Male,3/20/2022,San Bernardino,3.71756651611885
125,Irene Driscoll,396.882957934347,University college,3/7/2022,Irene Driscoll,Irene Driscoll,Irene_Driscoll1496@atink.com,8-810-850-4420,Female,10/11/2021,Miami,142.097372192003
126,Elise Hardwick,137.833307064061,Middle school,4/18/2022,Elise Hardwick,Elise Hardwick,Elise_Hardwick568@eirey.tech,4-086-873-8065,Female,4/11/2022,Oakland,-4.89123050164954
127,Ron Parsons,295.674534878542,Corporate university,3/25/2022,Ron Parsons,Ron Parsons,Ron_Parsons4032@gembat.biz,7-305-864-6106,Male,9/29/2021,Bucharest,191.897697705262
128,Kimberly Allen,195.583570378173,Public university,3/22/2022,Kimberly Allen,Kimberly Allen,Kimberly_Allen5154@elnee.tech,8-656-782-1223,Female,5/1/2021,Santa Ana,8.09540338911833
129,Lynn Carpenter,434.34112984703,Graduate school,4/14/2022,Lynn Carpenter,Lynn Carpenter,Lynn_Carpenter4329@muall.tech,2-656-211-8466,Female,10/30/2020,Bridgeport,113.503246637761
130,Matthew Henderson,21.4137341200438,Corporate university,4/8/2022,Matthew Henderson,Matthew Henderson,Matthew_Henderson4445@nickia.com,6-850-181-0651,Male,5/30/2021,Hayward,143.941160843215
131,Ramon Baker,444.895221358582,Gymnasium,3/25/2022,Ramon Baker,Ramon Baker,Ramon_Baker9583@bauros.biz,8-000-663-3044,Male,1/17/2022,Richmond,52.1859893166395
132,Carla Bennett,269.691509668572,University college,4/18/2022,Carla Bennett,Carla Bennett,Carla_Bennett7452@liret.org,5-781-541-7832,Female,12/5/2020,Nashville,34.8562695788482
133,Adina Jenkin,237.087934852619,Gymnasium,3/21/2022,Adina Jenkin,Adina Jenkin,Adina_Jenkin94@twipet.com,6-228-883-1183,Female,4/12/2020,Rochester,75.9603517814355
134,Melania Carson,326.596907238288,Junior college,3/12/2022,Melania Carson,Melania Carson,Melania_Carson1192@naiker.biz,1-805-505-2080,Female,5/26/2020,Moreno Valley,166.136950702936
135,Julia Heaton,277.344152511723,Corporate university,3/29/2022,Julia Heaton,Julia Heaton,Julia_Heaton1659@atink.com,8-011-386-4150,Female,3/10/2021,London,21.6855497554343
136,Lorraine Utterson,457.783098510831,University-preparatory school,3/14/2022,Lorraine Utterson,Lorraine Utterson,Lorraine_Utterson3939@bulaffy.com,5-760-680-6503,Female,6/19/2021,Madison,133.94384928697
137,Kaylee Quinnell,-33.2565218271951,Gymnasium,3/5/2022,Kaylee Quinnell,Kaylee Quinnell,Kaylee_Quinnell1749@zorer.org,4-764-067-3634,Female,4/8/2022,El Paso,130.097699299035
138,Charlize Flack,-38.6354205234141,Technical college,4/8/2022,Charlize Flack,Charlize Flack,Charlize_Flack5033@jiman.org,5-418-083-7462,Female,2/13/2022,Otawa,170.753722497147
139,Ally Leslie,438.734852332033,Graduate school,4/5/2022,Ally Leslie,Ally Leslie,Ally_Leslie6527@nickia.com,7-207-571-0347,Female,6/18/2021,Escondido,110.651158506354
140,Jessica Norris,493.201516691224,Technical college,3/27/2022,Jessica Norris,Jessica Norris,Jessica_Norris5736@elnee.tech,4-703-871-3347,Female,4/22/2020,Detroit,88.5320233695824
141,Nathan Shaw,87.4027709944187,Gymnasium,3/13/2022,Nathan Shaw,Nathan Shaw,Nathan_Shaw3207@vetan.org,5-702-754-8301,Male,11/22/2021,Lyon,22.2467849656226
142,Ally Walton,220.046914386585,Gymnasium,3/26/2022,Ally Walton,Ally Walton,Ally_Walton8962@zorer.org,2-081-487-5634,Female,3/6/2022,Bucharest,79.2868322931634
143,Gwen Samuel,320.552531299904,High school,3/16/2022,Gwen Samuel,Gwen Samuel,Gwen_Samuel9552@fuliss.net,1-428-271-0814,Female,9/30/2020,Lakewood,130.010629006666
144,Gabriel Murphy,-99.31336817905,University-preparatory school,3/16/2022,Gabriel Murphy,Gabriel Murphy,Gabriel_Murphy9716@irrepsy.com,3-633-562-8573,Male,10/7/2021,Tokyo,12.734250425703
145,Winnie Vangness,99.9965926716088,High school,3/24/2022,Winnie Vangness,Winnie Vangness,Winnie_Vangness5196@sheye.org,8-061-671-0756,Female,12/8/2021,Tokyo,28.8589739188827
146,Daron Addley,404.759137629885,Middle school,3/22/2022,Daron Addley,Daron Addley,Daron_Addley1533@hourpy.biz,0-003-204-5580,Male,4/21/2021,Washington,119.229323402154
147,Leroy Carter,17.4720374944024,Technical college,3/9/2022,Leroy Carter,Leroy Carter,Leroy_Carter5276@womeona.net,7-676-272-7155,Male,2/17/2021,Cincinnati,44.9364452366421
148,Aileen Sawyer,285.574627586442,Corporate university,4/14/2022,Aileen Sawyer,Aileen Sawyer,Aileen_Sawyer1388@kideod.biz,2-031-163-5607,Female,3/15/2022,Innsbruck,197.845159423
149,Samara Thornton,195.545938510236,Gymnasium,3/5/2022,Samara Thornton,Samara Thornton,Samara_Thornton2568@joiniaa.com,6-013-200-3536,Female,3/31/2022,Venice,2.14523007401509
150,Maria Morrow,464.657992251058,Gymnasium,3/27/2022,Maria Morrow,Maria Morrow,Maria_Morrow5090@mafthy.com,1-450-872-5614,Female,12/17/2021,Long Beach,-5.5987856563175
151,Sara Brooks,466.526724126901,University-preparatory school,3/6/2022,Sara Brooks,Sara Brooks,Sara_Brooks2658@sheye.org,3-074-721-8764,Female,6/23/2020,San Diego,154.033507245608
152,Daria Gardner,42.8598115080315,Gymnasium,3/25/2022,Daria Gardner,Daria Gardner,Daria_Gardner3824@hourpy.biz,7-331-105-3110,Female,6/25/2021,Kansas City,74.0145859494873
153,Mason Wilde,373.511344487551,Corporate university,4/11/2022,Mason Wilde,Mason Wilde,Mason_Wilde1864@cispeto.com,0-475-061-7083,Male,11/3/2020,Lancaster,34.6702459802247
154,Vanessa Whatson,186.163258159144,Junior college,4/1/2022,Vanessa Whatson,Vanessa Whatson,Vanessa_Whatson1403@atink.com,0-068-065-6184,Female,4/10/2022,Minneapolis,143.218462400706
155,John James,52.2919285582807,Junior college,4/18/2022,John James,John James,John_James7470@zorer.org,5-863-751-8784,Male,2/27/2022,Amarillo,73.1332415287072
156,Harry Niles,400.866209503201,University-preparatory school,4/7/2022,Harry Niles,Harry Niles,Harry_Niles856@twipet.com,3-318-017-0716,Male,12/20/2020,Scottsdale,71.502075017198
157,Maggie Ainsworth,-2.71693479209996,University-preparatory school,3/4/2022,Maggie Ainsworth,Maggie Ainsworth,Maggie_Ainsworth2483@elnee.tech,8-751-076-7203,Female,2/6/2021,Wien,61.4357824998143
158,Denny Roman,109.328611742858,Public university,3/13/2022,Denny Roman,Denny Roman,Denny_Roman3157@guentu.biz,8-567-566-0475,Male,7/16/2021,Indianapolis,149.589024955681
159,Oliver Townend,176.082850086541,Graduate school,3/22/2022,Oliver Townend,Oliver Townend,Oliver_Townend9693@bretoux.com,7-814-560-1733,Male,3/22/2022,Moreno Valley,2.50091271637981
160,Julius Wood,183.281378158034,Graduate school,3/9/2022,Julius Wood,Julius Wood,Julius_Wood3662@vetan.org,1-446-231-3035,Male,3/6/2021,Nashville,190.719297518357
161,Colleen Stewart,238.627236992413,University-preparatory school,3/24/2022,Colleen Stewart,Colleen Stewart,Colleen_Stewart348@irrepsy.com,0-371-348-0256,Female,3/30/2022,Lyon,117.671258795388
162,Christy Wood,373.589167762822,High school,4/17/2022,Christy Wood,Christy Wood,Christy_Wood4783@extex.org,8-084-350-2027,Female,3/14/2022,Murfreesboro,159.463667158719
163,Bob Irwin,319.879363599643,University college,3/31/2022,Bob Irwin,Bob Irwin,Bob_Irwin5701@iatim.tech,2-756-305-1382,Male,4/17/2020,Memphis,174.388560021477
164,George Pratt,233.458598374603,Middle school,3/17/2022,George Pratt,George Pratt,George_Pratt4623@nimogy.biz,8-465-525-4585,Male,4/8/2022,Laredo,129.795314607115
165,Clint Raven,25.0822530417155,Gymnasium,3/14/2022,Clint Raven,Clint Raven,Clint_Raven9162@deavo.com,4-823-131-3463,Male,2/6/2021,Boston,193.652143418627
166,Bristol Brock,208.163993770333,Gymnasium,3/13/2022,Bristol Brock,Bristol Brock,Bristol_Brock1421@infotech44.tech,3-621-168-0302,Female,10/25/2020,Stockton,142.701180409035
167,Owen Mcleod,498.496200123567,Technical college,3/19/2022,Owen Mcleod,Owen Mcleod,Owen_Mcleod7468@irrepsy.com,0-368-117-0728,Male,1/7/2022,Lisbon,137.47111695468
168,Candice Uttridge,4.31274753823539,Gymnasium,4/2/2022,Candice Uttridge,Candice Uttridge,Candice_Uttridge6387@kideod.biz,1-551-851-0526,Female,7/31/2021,San Diego,166.140257191444
169,Matthew Sanchez,60.5473939471633,University-preparatory school,3/10/2022,Matthew Sanchez,Matthew Sanchez,Matthew_Sanchez4330@eirey.tech,1-177-626-6675,Male,9/6/2020,Fremont,175.538559935306
170,Abdul Bayliss,242.696486995414,University college,3/16/2022,Abdul Bayliss,Abdul Bayliss,Abdul_Bayliss1718@liret.org,5-104-567-3770,Male,9/21/2020,Minneapolis,138.67618350949
171,Henry Dixon,46.4863339464582,University-preparatory school,3/31/2022,Henry Dixon,Henry Dixon,Henry_Dixon2408@yahoo.com,0-450-615-0674,Male,1/16/2021,Worcester,18.2646930880215
172,Kate Wade,141.158216018303,University college,4/16/2022,Kate Wade,Kate Wade,Kate_Wade5996@nimogy.biz,8-568-850-8765,Female,4/5/2022,Santa Ana,41.2898922489443
173,Matt Nobbs,226.015514409642,Public university,3/5/2022,Matt Nobbs,Matt Nobbs,Matt_Nobbs6570@mafthy.com,0-104-056-2642,Male,4/14/2020,Saint Paul,84.0821841024245
174,Rocco Dixon,498.680464092493,Corporate university,3/4/2022,Rocco Dixon,Rocco Dixon,Rocco_Dixon1787@naiker.biz,1-105-770-1208,Male,7/14/2020,Anaheim,191.674022607354
175,Maria Edley,446.768821540181,Graduate school,3/8/2022,Maria Edley,Maria Edley,Maria_Edley8632@sheye.org,3-460-187-2452,Female,8/13/2021,Berlin,6.54415364216275
176,Ellen Watson,93.9162301462685,Technical college,3/15/2022,Ellen Watson,Ellen Watson,Ellen_Watson4716@bretoux.com,1-325-046-4565,Female,11/9/2020,Amarillo,20.2953531953019
177,Martin Dillon,335.802079912649,Middle school,3/11/2022,Martin Dillon,Martin Dillon,Martin_Dillon6134@mafthy.com,6-021-431-1324,Male,12/26/2020,Washington,137.051813670924
178,Barney Henderson,480.685669327008,High school,4/1/2022,Barney Henderson,Barney Henderson,Barney_Henderson7079@sveldo.biz,5-818-004-3760,Male,10/26/2020,Madison,13.1879139138329
179,Maria Thatcher,39.4952479635809,Graduate school,3/5/2022,Maria Thatcher,Maria Thatcher,Maria_Thatcher8698@naiker.biz,2-617-813-8873,Female,8/8/2021,Worcester,32.2833569698424
180,Anais Griffiths,64.2397288280724,Corporate university,4/6/2022,Anais Griffiths,Anais Griffiths,Anais_Griffiths5053@dionrab.com,4-086-112-4101,Female,6/13/2021,Louisville,185.406528610925
181,Valerie Butler,403.456215861932,University college,3/20/2022,Valerie Butler,Valerie Butler,Valerie_Butler4876@naiker.biz,0-467-163-1435,Female,3/9/2022,Los Angeles,18.1745375451513
182,Mason Bryant,217.875850853918,Gymnasium,3/9/2022,Mason Bryant,Mason Bryant,Mason_Bryant2936@nanoff.biz,2-621-676-4706,Male,7/18/2021,Memphis,38.7202112650127
183,Carter Hardwick,30.1286441856663,University-preparatory school,4/15/2022,Carter Hardwick,Carter Hardwick,Carter_Hardwick2383@jiman.org,3-213-350-5705,Male,8/27/2020,Minneapolis,104.272541324269
184,Denis Flack,-9.75716432312371,Junior college,3/24/2022,Denis Flack,Denis Flack,Denis_Flack9200@typill.biz,4-573-541-0215,Male,6/1/2020,Rochester,146.033572254252
185,Janice Benfield,-93.5774112495489,Junior college,3/4/2022,Janice Benfield,Janice Benfield,Janice_Benfield4864@joiniaa.com,7-821-635-0314,Female,5/13/2020,Venice,103.465254017834
186,Jolene Clark,120.501779666404,High school,3/30/2022,Jolene Clark,Jolene Clark,Jolene_Clark5312@deons.tech,1-666-871-0556,Female,1/18/2021,Denver,1.0102609163198
187,Luna Long,208.474196088721,Public university,3/29/2022,Luna Long,Luna Long,Luna_Long190@gompie.com,4-803-224-3274,Female,1/10/2021,Pittsburgh,3.64727310587059
188,Aleksandra Styles,232.555882217156,High school,3/12/2022,Aleksandra Styles,Aleksandra Styles,Aleksandra_Styles879@sheye.org,8-502-624-3556,Female,8/8/2020,Memphis,163.609100693655
189,Nicholas Thompson,372.581742448538,Corporate university,3/18/2022,Nicholas Thompson,Nicholas Thompson,Nicholas_Thompson20@typill.biz,0-105-238-4515,Male,7/2/2021,New Orleans,12.1075315066183
190,Jackeline Weldon,-84.5416422460888,University-preparatory school,4/9/2022,Jackeline Weldon,Jackeline Weldon,Jackeline_Weldon8208@hourpy.biz,3-575-513-3722,Female,12/27/2021,St. Louis,11.9683734006101
191,Bob Callan,479.918975701518,Graduate school,3/6/2022,Bob Callan,Bob Callan,Bob_Callan9085@vetan.org,1-732-275-1216,Male,10/11/2021,Colorado Springs,193.638045544568
192,Leroy Gavin,413.290522523825,University-preparatory school,4/4/2022,Leroy Gavin,Leroy Gavin,Leroy_Gavin5657@liret.org,8-761-143-1368,Male,12/3/2021,Zurich,115.946058304955
193,Crystal Whinter,358.347324380813,High school,4/17/2022,Crystal Whinter,Crystal Whinter,Crystal_Whinter9127@twipet.com,5-687-403-5637,Female,3/11/2021,Atlanta,171.474970847589
194,Julian Mcneill,365.016943197705,Middle school,3/6/2022,Julian Mcneill,Julian Mcneill,Julian_Mcneill3686@muall.tech,4-432-088-1188,Male,2/19/2021,Milwaukee,20.9345973296718
195,Lindsay Reynolds,121.564517665917,Public university,4/14/2022,Lindsay Reynolds,Lindsay Reynolds,Lindsay_Reynolds7268@dionrab.com,3-362-700-5146,Female,7/7/2021,Fremont,120.802386009508
196,Barry Snow,366.724140385037,Graduate school,3/5/2022,Barry Snow,Barry Snow,Barry_Snow9797@twipet.com,7-374-860-6204,Male,5/11/2020,Portland,150.559114166796
197,Makenzie Simpson,153.846698946248,Junior college,3/28/2022,Makenzie Simpson,Makenzie Simpson,Makenzie_Simpson2414@hourpy.biz,4-128-861-3548,Female,11/8/2020,Rome,101.340216673603
198,Lana Mason,321.232621583265,Junior college,3/1/2022,Lana Mason,Lana Mason,Lana_Mason7301@atink.com,0-810-572-8852,Female,10/1/2021,Paris,151.841246844195
199,Domenic Judd,46.3862269853178,Corporate university,3/23/2022,Domenic Judd,Domenic Judd,Domenic_Judd7344@qater.org,0-838-505-7825,Male,12/17/2020,Fayetteville,45.8786917896376
200,Destiny Patel,60.7619641617695,University college,4/6/2022,Destiny Patel,Destiny Patel,Destiny_Patel7915@mafthy.com,0-271-032-3058,Female,9/1/2020,Tallahassee,33.4965310327227
201,Luke Dann,438.272251408674,University college,3/31/2022,Luke Dann,Luke Dann,Luke_Dann3128@ubusive.com,5-164-048-5577,Male,9/14/2020,Venice,117.853577154155
202,William Adler,410.171394402241,Public university,3/18/2022,William Adler,William Adler,William_Adler7242@fuliss.net,5-622-742-8335,Male,7/11/2020,Sacramento,2.5616229402654
203,Catherine Beal,374.285911078232,Public university,3/14/2022,Catherine Beal,Catherine Beal,Catherine_Beal67@twipet.com,1-872-182-6455,Female,7/11/2020,Lancaster,182.69319512448
204,Meredith Carson,-69.6278792184907,University college,4/14/2022,Meredith Carson,Meredith Carson,Meredith_Carson348@hourpy.biz,2-303-832-8622,Female,4/9/2020,Detroit,35.5608313631084
205,Michael Leslie,-23.2428320852308,Graduate school,4/11/2022,Michael Leslie,Michael Leslie,Michael_Leslie9259@yahoo.com,2-473-100-7328,Male,5/19/2021,London,20.2578109592469
206,Alba Adams,-10.7262880880042,Junior college,3/11/2022,Alba Adams,Alba Adams,Alba_Adams9320@iatim.tech,6-720-415-2573,Female,5/23/2021,Murfreesboro,95.80474764053
207,Vera Powell,359.968781181131,Junior college,3/17/2022,Vera Powell,Vera Powell,Vera_Powell7080@ovock.tech,6-361-121-2777,Female,12/14/2020,Sacramento,23.6468628014656
208,Christy Turner,439.121948029437,High school,3/3/2022,Christy Turner,Christy Turner,Christy_Turner6075@supunk.biz,3-876-673-8221,Female,9/18/2020,Nashville,97.7546355485705
209,Gabriel Blackburn,433.362713005563,Graduate school,3/27/2022,Gabriel Blackburn,Gabriel Blackburn,Gabriel_Blackburn9448@joiniaa.com,0-233-648-0622,Male,3/31/2021,Berna,75.6277928522917
210,Leroy Hogg,318.362116035708,Middle school,3/1/2022,Leroy Hogg,Leroy Hogg,Leroy_Hogg2871@extex.org,7-381-672-5834,Male,8/21/2021,Bucharest,188.863724947378
211,Estrella Dillon,462.153743616377,University college,3/28/2022,Estrella Dillon,Estrella Dillon,Estrella_Dillon9659@cispeto.com,7-323-852-6717,Female,6/30/2021,Omaha,24.6118003193344
212,Sadie Jones,-8.05424319070496,Graduate school,3/21/2022,Sadie Jones,Sadie Jones,Sadie_Jones7570@bulaffy.com,7-886-533-8762,Female,3/5/2022,San Jose,40.5423438532941
213,Gwenyth Harrington,170.044357917292,University-preparatory school,3/15/2022,Gwenyth Harrington,Gwenyth Harrington,Gwenyth_Harrington8068@naiker.biz,5-028-660-7511,Female,10/29/2021,Cincinnati,119.099602651363
214,Wade Speed,58.7533280345394,High school,3/27/2022,Wade Speed,Wade Speed,Wade_Speed1251@elnee.tech,3-085-852-0533,Male,12/20/2020,San Antonio,3.07688651284058
215,Jacob Clarkson,166.553115842656,Public university,4/11/2022,Jacob Clarkson,Jacob Clarkson,Jacob_Clarkson8668@brety.org,4-466-675-4434,Male,4/10/2022,Colorado Springs,77.8498490149387
216,Lexi Ianson,224.063680226944,Gymnasium,3/29/2022,Lexi Ianson,Lexi Ianson,Lexi_Ianson1413@deons.tech,8-657-451-5715,Female,7/22/2020,Los Angeles,75.9260589312418
217,Enoch Flett,397.483226882519,Graduate school,4/15/2022,Enoch Flett,Enoch Flett,Enoch_Flett3977@fuliss.net,3-335-638-1257,Male,12/15/2021,Salem,-3.87544754234862
218,Celina Allen,137.326610631927,University college,4/14/2022,Celina Allen,Celina Allen,Celina_Allen53@kideod.biz,3-411-171-1172,Female,8/20/2020,Detroit,120.5349504559
219,Lauren Verdon,334.817260872022,Junior college,3/1/2022,Lauren Verdon,Lauren Verdon,Lauren_Verdon1736@gmail.com,5-203-453-5507,Female,1/16/2022,Madrid,45.9206996890347
220,Nicole Hastings,254.713997394179,Graduate school,4/6/2022,Nicole Hastings,Nicole Hastings,Nicole_Hastings8088@gembat.biz,3-836-304-7330,Female,1/30/2021,New York,155.804645995053
221,Sydney Umney,413.432538813181,Technical college,4/2/2022,Sydney Umney,Sydney Umney,Sydney_Umney2576@corti.com,4-673-041-0173,Female,2/2/2022,Santa Ana,55.9051728862827
222,Chester Holt,13.4475811358763,University-preparatory school,3/5/2022,Chester Holt,Chester Holt,Chester_Holt6903@elnee.tech,0-085-154-8366,Male,10/5/2021,Tulsa,91.4878235824815
223,Shelby Dempsey,366.321513258536,Middle school,3/29/2022,Shelby Dempsey,Shelby Dempsey,Shelby_Dempsey4634@dionrab.com,3-342-482-7523,Female,11/20/2021,Stockton,20.1301906970936
224,Mason Crawley,-45.3345192621157,Junior college,3/16/2022,Mason Crawley,Mason Crawley,Mason_Crawley2450@gompie.com,8-853-220-7825,Male,11/16/2020,Lakewood,99.1235471522079
225,Mike Hunt,-88.601646796149,Middle school,3/17/2022,Mike Hunt,Mike Hunt,Mike_Hunt3416@hourpy.biz,2-363-510-3112,Male,8/15/2020,Innsbruck,182.347158708306
226,Carter Ingham,-98.2218023930778,Middle school,4/14/2022,Carter Ingham,Carter Ingham,Carter_Ingham5069@bulaffy.com,6-533-550-6771,Male,7/4/2020,Minneapolis,151.558759937789
227,Javier Whinter,258.90995713552,High school,3/17/2022,Javier Whinter,Javier Whinter,Javier_Whinter9738@hourpy.biz,4-514-466-6111,Male,3/14/2022,Memphis,79.0725826025347
228,Aiden Isaac,474.753940361903,Gymnasium,3/3/2022,Aiden Isaac,Aiden Isaac,Aiden_Isaac6264@guentu.biz,0-786-280-2050,Male,1/30/2021,Henderson,33.4548183216037
229,Emerald Fenton,-37.6699652730813,Middle school,4/4/2022,Emerald Fenton,Emerald Fenton,Emerald_Fenton2437@famism.biz,4-520-681-2821,Female,9/3/2020,Houston,142.412304909626
230,Luke Slater,459.133193192134,University-preparatory school,4/4/2022,Luke Slater,Luke Slater,Luke_Slater4849@kideod.biz,7-754-618-4508,Male,2/23/2021,Detroit,18.1457573311151
231,Alexander Grant,414.640068019573,High school,4/1/2022,Alexander Grant,Alexander Grant,Alexander_Grant3392@gompie.com,5-473-158-2372,Male,1/2/2021,San Diego,172.814125932201
232,Lorraine Stuart,381.612017124711,Corporate university,4/17/2022,Lorraine Stuart,Lorraine Stuart,Lorraine_Stuart544@jiman.org,4-243-051-4278,Female,12/6/2021,Kansas City,85.1548346770717
233,Raquel Durrant,228.168051408216,Middle school,4/2/2022,Raquel Durrant,Raquel Durrant,Raquel_Durrant6387@liret.org,0-257-380-2733,Female,2/28/2022,Lisbon,106.489700854984
234,Daron Beal,200.527842316091,Junior college,4/8/2022,Daron Beal,Daron Beal,Daron_Beal4299@muall.tech,2-557-327-7511,Male,9/4/2020,Phoenix,82.6812153852923
235,Rosalee Rixon,426.934766004297,Middle school,4/10/2022,Rosalee Rixon,Rosalee Rixon,Rosalee_Rixon6481@qater.org,7-361-726-2616,Female,7/14/2021,Kansas City,103.165240403807
236,Stephanie Mooney,51.6634820702781,Technical college,4/8/2022,Stephanie Mooney,Stephanie Mooney,Stephanie_Mooney1820@eirey.tech,1-823-741-7201,Female,3/20/2022,San Bernardino,85.5405140745177
237,Liv Griffiths,-70.9215363561742,Middle school,3/9/2022,Liv Griffiths,Liv Griffiths,Liv_Griffiths6232@extex.org,6-584-036-7606,Female,6/20/2021,Madrid,160.527074754018
238,Sonya Cox,94.253669162399,High school,4/12/2022,Sonya Cox,Sonya Cox,Sonya_Cox5013@mafthy.com,6-604-306-6815,Female,12/16/2021,Orlando,72.889542965167
239,Shelby Mcneill,372.758062729965,University college,3/12/2022,Shelby Mcneill,Shelby Mcneill,Shelby_Mcneill1497@cispeto.com,1-238-151-3250,Female,9/10/2021,Fullerton,11.4104867761072
240,Norah Fox,418.828571806582,Middle school,4/13/2022,Norah Fox,Norah Fox,Norah_Fox2995@ovock.tech,5-654-432-3720,Female,4/8/2020,Richmond,62.7462819752965
241,Johnathan Collingwood,148.702651809297,Graduate school,3/20/2022,Johnathan Collingwood,Johnathan Collingwood,Johnathan_Collingwood3268@twipet.com,2-864-701-6056,Male,1/28/2021,Stockton,41.8100810422609
242,Vera Ashwell,232.256973175452,Corporate university,3/17/2022,Vera Ashwell,Vera Ashwell,Vera_Ashwell8098@womeona.net,1-406-532-0805,Female,6/24/2020,New York,27.5477798416036
243,Luna Weasley,37.7747603346476,Corporate university,3/22/2022,Luna Weasley,Luna Weasley,Luna_Weasley1757@extex.org,6-204-830-5471,Female,5/14/2020,Salem,130.326368787012
244,Greta Garner,98.9967853464171,University college,3/16/2022,Greta Garner,Greta Garner,Greta_Garner9209@nickia.com,4-708-304-1575,Female,7/6/2021,Glendale,14.9934898246981
245,Daniel Mullins,-2.95439690908156,Middle school,4/16/2022,Daniel Mullins,Daniel Mullins,Daniel_Mullins839@sveldo.biz,3-516-000-3364,Male,7/20/2020,Dallas,198.145781923619
246,Eve Butler,343.763661303913,Graduate school,4/2/2022,Eve Butler,Eve Butler,Eve_Butler9247@vetan.org,4-561-336-5177,Female,2/22/2021,Oakland,113.228182163196
247,Leslie Eaton,287.320234975927,Junior college,4/12/2022,Leslie Eaton,Leslie Eaton,Leslie_Eaton75@jiman.org,7-418-031-0282,Female,7/28/2021,Nashville,150.63986420894
248,Camden Boden,182.722531869413,Public university,4/15/2022,Camden Boden,Camden Boden,Camden_Boden80@ubusive.com,2-148-024-3554,Female,4/9/2021,St. Louis,116.556780222597
249,Oliver Haines,324.0692229234,University college,3/2/2022,Oliver Haines,Oliver Haines,Oliver_Haines9767@twace.org,4-250-711-4072,Male,9/30/2021,Bellevue,85.923577005008
250,Domenic Taylor,441.717993277459,University college,3/22/2022,Domenic Taylor,Domenic Taylor,Domenic_Taylor8871@mafthy.com,2-538-674-6710,Male,11/12/2020,Seattle,72.0537564931688
251,Peter Page ,411.739705725917,University-preparatory school,3/19/2022,Peter Page ,Peter Page ,Peter_Page 6562@bulaffy.com,4-120-326-5056,Male,3/12/2022,Berna,185.470193492933
252,Alexander Robe,282.106995073197,Gymnasium,4/8/2022,Alexander Robe,Alexander Robe,Alexander_Robe9475@atink.com,2-225-301-2657,Male,7/17/2021,Valetta,-2.22910859446465
253,Juliette Tutton,240.069561100597,University-preparatory school,3/24/2022,Juliette Tutton,Juliette Tutton,Juliette_Tutton6085@liret.org,2-143-766-0425,Female,2/20/2021,London,153.879906702731
254,Chad Eaton,184.680733596757,University-preparatory school,4/2/2022,Chad Eaton,Chad Eaton,Chad_Eaton9615@twace.org,6-034-712-3260,Male,9/21/2020,Lisbon,80.4691113915616
255,Daron Benfield,96.7956563116962,High school,4/3/2022,Daron Benfield,Daron Benfield,Daron_Benfield4788@iatim.tech,0-518-605-2703,Male,7/4/2021,Philadelphia,52.525740246999
256,Carol Ingham,32.822974552318,Gymnasium,4/6/2022,Carol Ingham,Carol Ingham,Carol_Ingham3734@ubusive.com,2-608-617-3141,Female,8/27/2021,Seattle,94.4437087627331
257,Johnathan Jeffery,79.9640565751884,Technical college,3/17/2022,Johnathan Jeffery,Johnathan Jeffery,Johnathan_Jeffery4030@zorer.org,1-461-854-5108,Male,9/26/2021,New York,172.02860441293
258,Elijah Atkinson,167.629557252689,University college,3/22/2022,Elijah Atkinson,Elijah Atkinson,Elijah_Atkinson8181@typill.biz,3-650-187-1188,Male,2/13/2022,Miami,132.807636097915
259,Cara Wilkinson,-7.34041926234049,Technical college,3/2/2022,Cara Wilkinson,Cara Wilkinson,Cara_Wilkinson5226@famism.biz,2-214-614-6506,Female,12/10/2020,Glendale,74.8712691682723
260,Boris Randall,152.660974109387,University-preparatory school,3/28/2022,Boris Randall,Boris Randall,Boris_Randall8596@twipet.com,6-575-062-4388,Male,11/8/2020,San Francisco,23.4923510060144
261,Percy Evans,448.30840081084,High school,4/13/2022,Percy Evans,Percy Evans,Percy_Evans2099@fuliss.net,5-670-245-3748,Male,8/6/2021,Boston,72.7396517762633
262,Penny Lee,259.173272464505,Public university,4/3/2022,Penny Lee,Penny Lee,Penny_Lee1834@eirey.tech,3-283-443-6367,Female,9/17/2021,Rome,75.7642574644481
263,Phillip Fulton,282.664274814382,Gymnasium,3/6/2022,Phillip Fulton,Phillip Fulton,Phillip_Fulton9190@deavo.com,1-524-163-7575,Male,1/12/2022,Venice,185.43285941539
264,Caleb Stewart,417.582006340186,Gymnasium,3/29/2022,Caleb Stewart,Caleb Stewart,Caleb_Stewart8358@cispeto.com,1-385-036-8415,Male,5/5/2021,Denver,197.230676320023
265,Aileen Shaw,436.186884509021,Corporate university,4/7/2022,Aileen Shaw,Aileen Shaw,Aileen_Shaw4295@extex.org,3-724-878-8428,Female,2/2/2022,Omaha,186.821933392818
266,Ivette Varndell,-13.4920800619256,Gymnasium,3/26/2022,Ivette Varndell,Ivette Varndell,Ivette_Varndell6831@sveldo.biz,2-112-224-0720,Female,2/14/2021,Tallahassee,122.439973215777
267,Phillip Pond,77.5502253894462,Junior college,4/2/2022,Phillip Pond,Phillip Pond,Phillip_Pond837@nanoff.biz,5-715-666-8008,Male,2/1/2022,Atlanta,130.530509482385
268,Penelope Walton,213.45054512166,Technical college,4/10/2022,Penelope Walton,Penelope Walton,Penelope_Walton4730@extex.org,5-703-823-4256,Female,6/26/2020,Rochester,157.947206004498
269,Hayden Ward,238.068456766693,High school,3/14/2022,Hayden Ward,Hayden Ward,Hayden_Ward1637@muall.tech,2-502-178-4411,Male,2/11/2022,Otawa,129.420638799863
270,Alexa Bayliss,15.1155789038705,University college,3/12/2022,Alexa Bayliss,Alexa Bayliss,Alexa_Bayliss5552@liret.org,5-083-603-6523,Female,7/16/2020,Irving,56.8651050417056
271,Rosalyn Buckley,358.430799636725,Technical college,3/21/2022,Rosalyn Buckley,Rosalyn Buckley,Rosalyn_Buckley8397@jiman.org,6-885-188-6328,Female,6/29/2020,Valetta,-5.41794015719459
272,Johnny Locke,226.766800987891,Public university,3/16/2022,Johnny Locke,Johnny Locke,Johnny_Locke1064@bauros.biz,7-605-521-3665,Male,10/4/2021,Tulsa,69.3630354545838
273,Owen Jackson,209.939153053304,Gymnasium,3/18/2022,Owen Jackson,Owen Jackson,Owen_Jackson4267@twace.org,3-241-102-5725,Male,7/9/2021,Jersey City,63.6662974090624
274,Juliette Jobson,237.115220738629,University-preparatory school,3/11/2022,Juliette Jobson,Juliette Jobson,Juliette_Jobson918@grannar.com,4-251-223-4427,Female,10/12/2020,Boston,124.542895426295
275,Jocelyn Victor,169.657942560342,Graduate school,4/3/2022,Jocelyn Victor,Jocelyn Victor,Jocelyn_Victor377@deavo.com,3-660-504-0577,Female,10/8/2021,Ontario,0.312339930474916
276,Chuck Vallory,18.3366346803199,Junior college,4/10/2022,Chuck Vallory,Chuck Vallory,Chuck_Vallory8230@bauros.biz,5-443-748-7765,Male,4/29/2020,Las Vegas,192.3809682561
277,Logan Irving,3.72754181117171,University college,3/26/2022,Logan Irving,Logan Irving,Logan_Irving1218@nimogy.biz,4-601-512-5611,Male,8/8/2020,Charlotte,24.117317173219
278,Juliet Clifford,201.172368592197,Public university,3/16/2022,Juliet Clifford,Juliet Clifford,Juliet_Clifford1349@sveldo.biz,0-681-182-4463,Female,8/16/2020,Zurich,179.367282896474
279,Esmeralda Jackson,3.84140402630037,Junior college,3/13/2022,Esmeralda Jackson,Esmeralda Jackson,Esmeralda_Jackson4031@corti.com,2-501-612-4266,Female,9/29/2020,San Antonio,169.324979539181
280,Isabella Callan,298.464646306105,Graduate school,3/28/2022,Isabella Callan,Isabella Callan,Isabella_Callan91@famism.biz,1-010-811-3703,Female,11/3/2021,Minneapolis,131.942571715425
281,Jaylene Willis,469.612300483329,Graduate school,4/17/2022,Jaylene Willis,Jaylene Willis,Jaylene_Willis204@gmail.com,5-154-404-5153,Female,12/15/2020,Atlanta,59.6296595114421
282,Camden Windsor,433.73644235811,Middle school,3/8/2022,Camden Windsor,Camden Windsor,Camden_Windsor6153@supunk.biz,2-766-813-4870,Female,4/8/2021,Ontario,117.08873853045
283,Allison Oswald,23.181068054019,University college,3/16/2022,Allison Oswald,Allison Oswald,Allison_Oswald4143@typill.biz,5-421-657-7607,Female,2/28/2022,Detroit,136.541852257932
284,Bart Umney,239.921907349453,High school,3/30/2022,Bart Umney,Bart Umney,Bart_Umney2397@deons.tech,1-403-226-7826,Male,4/7/2022,Milwaukee,80.9321422245969
285,Catherine Thomson,433.769809123487,High school,4/17/2022,Catherine Thomson,Catherine Thomson,Catherine_Thomson610@deavo.com,2-486-276-8118,Female,10/4/2020,Memphis,178.325009213912
286,Carla Burnley,12.4457217298661,Junior college,3/30/2022,Carla Burnley,Carla Burnley,Carla_Burnley9607@eirey.tech,6-854-708-5324,Female,2/14/2022,Chicago,25.390037134937
287,Benny Stone,225.052936361662,Technical college,3/16/2022,Benny Stone,Benny Stone,Benny_Stone5708@famism.biz,5-172-567-6522,Male,9/14/2020,Reno,-7.0355914184058
288,Erica Douglas,448.685178642946,Gymnasium,3/19/2022,Erica Douglas,Erica Douglas,Erica_Douglas4813@iatim.tech,8-727-504-5864,Female,11/4/2021,El Paso,137.047294002514
289,Freya Adler,352.544805472505,High school,3/13/2022,Freya Adler,Freya Adler,Freya_Adler1759@hourpy.biz,1-053-083-1213,Female,6/26/2020,Springfield,1.06760022512991
290,Alan Ripley,300.265597102822,Graduate school,3/4/2022,Alan Ripley,Alan Ripley,Alan_Ripley8266@tonsy.org,3-772-618-6344,Male,6/26/2021,Chicago,133.11400653986
291,Jessica Khan,229.600956190657,High school,3/21/2022,Jessica Khan,Jessica Khan,Jessica_Khan2831@jiman.org,7-308-227-3842,Female,5/31/2020,Jersey City,127.43968249226
292,Jasmine Emmott,-67.0762641006504,Junior college,3/12/2022,Jasmine Emmott,Jasmine Emmott,Jasmine_Emmott7568@zorer.org,6-025-350-3353,Female,10/7/2020,Detroit,4.35812685049983
293,Nathan Andrews,-59.1288803290245,Technical college,3/18/2022,Nathan Andrews,Nathan Andrews,Nathan_Andrews9913@bretoux.com,0-254-670-2412,Male,5/21/2021,Venice,163.761381994356
294,Ivette Shea,278.478146338592,Middle school,4/18/2022,Ivette Shea,Ivette Shea,Ivette_Shea4747@kideod.biz,3-332-754-6667,Female,3/31/2022,Hayward,66.5614826053202
295,Alex Rees,246.885673333372,Public university,3/30/2022,Alex Rees,Alex Rees,Alex_Rees3817@ovock.tech,2-067-516-2140,Female,8/3/2021,Washington,132.477103283851
296,Shelby Partridge,93.6291335530715,Middle school,4/10/2022,Shelby Partridge,Shelby Partridge,Shelby_Partridge4290@sveldo.biz,0-274-722-7200,Female,7/28/2021,Jersey City,-8.04268733414015
297,Phillip Pitt,372.191542140763,High school,4/3/2022,Phillip Pitt,Phillip Pitt,Phillip_Pitt7608@womeona.net,0-638-770-1387,Male,4/28/2021,Philadelphia,-6.10532172587948
298,Barry Dyson,248.452937200411,Corporate university,3/25/2022,Barry Dyson,Barry Dyson,Barry_Dyson2079@nimogy.biz,0-440-527-3017,Male,1/1/2022,Milano,134.012433236005
299,Martin Emmett,230.317432276587,High school,3/10/2022,Martin Emmett,Martin Emmett,Martin_Emmett2441@acrit.org,0-127-586-4305,Male,5/20/2020,Anaheim,169.241645546743
300,Gina Lynch,-98.9491285527819,Public university,4/18/2022,Gina Lynch,Gina Lynch,Gina_Lynch3090@nimogy.biz,0-776-340-3271,Female,7/10/2020,Honolulu,-8.53349789256858
301,Alan Richardson,-23.7111105409968,Corporate university,3/9/2022,Alan Richardson,Alan Richardson,Alan_Richardson7637@gmail.com,0-135-026-2154,Male,11/6/2020,Ontario,189.498805655399
302,Adela Strong,490.458463529804,Public university,4/4/2022,Adela Strong,Adela Strong,Adela_Strong2879@twipet.com,6-440-463-1116,Female,10/6/2021,Valetta,57.3000380845275
303,Remy Ralph,158.080715150144,Middle school,3/7/2022,Remy Ralph,Remy Ralph,Remy_Ralph7693@qater.org,0-726-477-0067,Female,7/12/2020,Otawa,183.865428120301
304,Amelia Widdows,-32.4847169031784,Technical college,3/5/2022,Amelia Widdows,Amelia Widdows,Amelia_Widdows8477@sheye.org,7-335-340-5851,Female,3/7/2021,Milano,99.889100864478
305,Angel Ellwood,303.32563984223,Middle school,4/8/2022,Angel Ellwood,Angel Ellwood,Angel_Ellwood4676@guentu.biz,6-280-778-2762,Female,4/7/2021,Omaha,132.788420090353
306,Nathan Brown,276.089095721063,Graduate school,4/7/2022,Nathan Brown,Nathan Brown,Nathan_Brown6805@naiker.biz,2-464-848-0442,Male,5/2/2021,Lisbon,69.1177465729964
307,Bob Price,249.51084598457,Graduate school,3/31/2022,Bob Price,Bob Price,Bob_Price7710@irrepsy.com,5-080-377-7155,Male,12/31/2020,Otawa,161.593619327803
308,Kendra King,183.267512290863,University college,4/16/2022,Kendra King,Kendra King,Kendra_King6350@bretoux.com,8-605-853-1315,Female,6/10/2021,San Jose,191.531692731907
309,Harvey Emerson,363.349343668366,Middle school,4/1/2022,Harvey Emerson,Harvey Emerson,Harvey_Emerson6014@nimogy.biz,4-426-524-3425,Male,12/6/2021,London,71.7286922320392
310,Macy Gonzales,179.490428833519,University-preparatory school,4/16/2022,Macy Gonzales,Macy Gonzales,Macy_Gonzales136@yahoo.com,7-740-321-6885,Female,12/25/2021,Baltimore,107.748523713438
311,Tom Flynn,385.515891388765,High school,3/3/2022,Tom Flynn,Tom Flynn,Tom_Flynn6189@bulaffy.com,0-427-334-1515,Male,12/24/2021,Tallahassee,33.00697512925
312,Ramon Rossi,362.087544943712,Middle school,4/17/2022,Ramon Rossi,Ramon Rossi,Ramon_Rossi4329@extex.org,1-205-553-7524,Male,5/16/2020,Huntsville,-5.56139295434644
313,Liv Mason,329.917945099025,University-preparatory school,4/3/2022,Liv Mason,Liv Mason,Liv_Mason3833@atink.com,6-114-578-0073,Female,6/20/2021,Colorado Springs,51.0073081199114
314,Ciara Dobson,428.985229060513,Technical college,3/28/2022,Ciara Dobson,Ciara Dobson,Ciara_Dobson3654@sheye.org,3-216-877-2188,Female,9/6/2021,London,185.965434420838
315,Tara Bradshaw,111.840429267306,High school,3/16/2022,Tara Bradshaw,Tara Bradshaw,Tara_Bradshaw6783@hourpy.biz,1-608-137-4780,Female,6/14/2020,Zurich,65.4412443309283
316,Sebastian Saunders,471.403450078984,Gymnasium,4/12/2022,Sebastian Saunders,Sebastian Saunders,Sebastian_Saunders6586@qater.org,2-407-655-0653,Male,2/13/2021,Madison,38.1334889815811
317,Harry Hopkins,461.584902890299,Middle school,4/6/2022,Harry Hopkins,Harry Hopkins,Harry_Hopkins1281@guentu.biz,8-116-384-7563,Male,8/12/2020,Tokyo,59.6167393636968
318,Danny Emerson,378.254254214118,High school,3/27/2022,Danny Emerson,Danny Emerson,Danny_Emerson9312@vetan.org,6-463-825-2283,Male,8/7/2020,Cincinnati,49.2097722148568
319,Anne Shields,72.1858157898233,University-preparatory school,3/19/2022,Anne Shields,Anne Shields,Anne_Shields4740@zorer.org,8-505-143-8230,Female,2/17/2022,Lyon,189.791403423898
320,Jasmine Alexander,75.8919229106474,Public university,3/13/2022,Jasmine Alexander,Jasmine Alexander,Jasmine_Alexander3976@nickia.com,3-704-805-5223,Female,10/1/2020,Detroit,104.761676116736
321,Lynn Wade,306.488332396135,Middle school,3/17/2022,Lynn Wade,Lynn Wade,Lynn_Wade92@elnee.tech,3-765-577-8433,Female,4/4/2021,Memphis,133.895092389497
322,Jack Irwin,213.653786043475,University-preparatory school,3/6/2022,Jack Irwin,Jack Irwin,Jack_Irwin9029@infotech44.tech,5-278-148-6485,Male,3/15/2021,Miami,71.2956301911248
323,Tom Mccall,119.998390730935,Technical college,3/16/2022,Tom Mccall,Tom Mccall,Tom_Mccall3223@mafthy.com,3-536-250-5428,Male,8/21/2021,Quebec,183.921989144255
324,Irene Cattell,485.036504891718,Technical college,4/13/2022,Irene Cattell,Irene Cattell,Irene_Cattell4638@brety.org,2-131-508-1536,Female,7/22/2021,Henderson,-4.73319418250266
325,Bryon Khan,33.6941263194634,Middle school,4/2/2022,Bryon Khan,Bryon Khan,Bryon_Khan7548@muall.tech,7-055-226-8006,Male,9/3/2021,Lisbon,183.192440511283
326,Jacob Leigh,141.389654659382,High school,4/16/2022,Jacob Leigh,Jacob Leigh,Jacob_Leigh6356@brety.org,7-767-603-3330,Male,3/24/2022,Murfreesboro,112.318336018975
327,Daria Donovan,-94.7179217048539,Graduate school,4/2/2022,Daria Donovan,Daria Donovan,Daria_Donovan6343@iatim.tech,0-338-482-7254,Female,12/2/2020,Colorado Springs,110.418768132766
328,Claire Scott,55.4813601656264,Technical college,4/9/2022,Claire Scott,Claire Scott,Claire_Scott8941@cispeto.com,1-670-756-5517,Female,10/11/2021,Las Vegas,-2.78328880750727
329,Adalind Ballard,188.154215436966,University-preparatory school,3/7/2022,Adalind Ballard,Adalind Ballard,Adalind_Ballard4782@bauros.biz,6-313-042-3708,Female,2/28/2022,Los Angeles,25.1170602622987
330,Emely Hunt,198.215652814701,Junior college,3/13/2022,Emely Hunt,Emely Hunt,Emely_Hunt7233@bretoux.com,7-040-653-3165,Female,11/4/2020,Miami,164.616417876732
331,Maxwell Wood,487.252062297544,Corporate university,4/12/2022,Maxwell Wood,Maxwell Wood,Maxwell_Wood9234@muall.tech,6-070-645-7737,Male,11/25/2021,Philadelphia,36.7163231641596
332,Kurt Terry,245.119548309184,Junior college,3/7/2022,Kurt Terry,Kurt Terry,Kurt_Terry7327@eirey.tech,4-108-242-2078,Male,11/7/2021,Zurich,77.6670759123131
333,Emmanuelle Bloom,353.844983046337,University college,3/27/2022,Emmanuelle Bloom,Emmanuelle Bloom,Emmanuelle_Bloom2636@irrepsy.com,0-112-660-1658,Female,12/21/2020,Houston,111.949595482996
334,Sydney Fall,316.350162781938,University-preparatory school,3/23/2022,Sydney Fall,Sydney Fall,Sydney_Fall8235@elnee.tech,6-737-560-7332,Female,3/9/2021,Hollywood,37.7399464765284
335,Alessandra Newman,142.715689388437,Gymnasium,3/23/2022,Alessandra Newman,Alessandra Newman,Alessandra_Newman5577@deavo.com,4-712-708-7166,Female,4/23/2021,London,197.050583807309
336,Valentina Walsh,447.167570205949,Public university,3/20/2022,Valentina Walsh,Valentina Walsh,Valentina_Walsh9032@nanoff.biz,4-756-026-5303,Female,8/26/2020,Rochester,148.21770670182
337,Josh Attwood,107.645614933523,University-preparatory school,4/17/2022,Josh Attwood,Josh Attwood,Josh_Attwood3800@dionrab.com,5-141-686-0853,Male,9/5/2020,Columbus,179.520886419584
338,Ethan Daniells,208.296983674773,Junior college,3/25/2022,Ethan Daniells,Ethan Daniells,Ethan_Daniells3365@womeona.net,1-087-353-4835,Male,10/13/2021,Lyon,3.25908516778568
339,Janice Umney,463.889313584142,High school,4/4/2022,Janice Umney,Janice Umney,Janice_Umney9082@elnee.tech,0-511-527-8014,Female,4/6/2020,Santa Ana,128.373683691664
340,Brad Walton,475.214440402675,Junior college,3/4/2022,Brad Walton,Brad Walton,Brad_Walton4227@grannar.com,2-005-652-8710,Male,8/27/2020,San Francisco,15.9407323328502
341,Barry Wise,465.162792169099,Middle school,3/31/2022,Barry Wise,Barry Wise,Barry_Wise2194@naiker.biz,2-551-388-8146,Male,11/14/2021,San Francisco,180.143425684489
342,Carter Alexander,484.334573506068,University-preparatory school,3/8/2022,Carter Alexander,Carter Alexander,Carter_Alexander7348@elnee.tech,3-536-556-8841,Male,4/5/2022,Las Vegas,103.866625198567
343,Ramon Bright,218.87234391918,Technical college,4/2/2022,Ramon Bright,Ramon Bright,Ramon_Bright1532@elnee.tech,7-302-733-0168,Male,9/15/2020,San Antonio,30.992920329791
344,Candice Mullins,15.4408396968808,Gymnasium,3/6/2022,Candice Mullins,Candice Mullins,Candice_Mullins2678@extex.org,5-703-382-3644,Female,1/8/2022,Richmond,120.664689525806
345,Rufus Bolton,66.5156796842421,University college,3/11/2022,Rufus Bolton,Rufus Bolton,Rufus_Bolton9149@liret.org,1-862-313-4056,Male,12/5/2020,Springfield,149.80935454546
346,Logan Oldfield,367.478687295447,Graduate school,3/25/2022,Logan Oldfield,Logan Oldfield,Logan_Oldfield3470@bungar.biz,6-723-616-7170,Male,2/20/2022,Ontario,5.87810664245771
347,Angelica Walker,240.640353990551,Corporate university,3/8/2022,Angelica Walker,Angelica Walker,Angelica_Walker6792@gompie.com,2-650-300-7168,Female,5/5/2021,Prague,53.5563999421692
348,Cadence Turner,3.38783681783259,High school,3/13/2022,Cadence Turner,Cadence Turner,Cadence_Turner9576@deavo.com,7-327-825-5882,Female,2/28/2021,Richmond,41.2932934068578
349,Cynthia Gavin,45.8907999954609,Gymnasium,3/26/2022,Cynthia Gavin,Cynthia Gavin,Cynthia_Gavin3328@iatim.tech,1-101-226-6506,Female,3/4/2021,Hayward,96.2194267838352
350,Wade Bolton,188.031648061719,University-preparatory school,3/10/2022,Wade Bolton,Wade Bolton,Wade_Bolton471@ubusive.com,3-530-434-8644,Male,1/22/2021,Madison,69.8019854523251
351,Rocco Beal,386.405188852644,Gymnasium,4/5/2022,Rocco Beal,Rocco Beal,Rocco_Beal9566@bulaffy.com,2-462-003-0234,Male,5/19/2020,Lincoln,143.399439609796
352,Luke Roman,272.497610225574,University-preparatory school,4/8/2022,Luke Roman,Luke Roman,Luke_Roman4464@typill.biz,8-651-156-6612,Male,5/10/2020,Oakland,59.6292493383536
353,Celia Spencer,-46.5166483975559,High school,4/13/2022,Celia Spencer,Celia Spencer,Celia_Spencer1392@nanoff.biz,2-755-644-3430,Female,10/3/2021,Kansas City,191.043551635017
354,Alexander Logan,206.886968219134,Junior college,4/3/2022,Alexander Logan,Alexander Logan,Alexander_Logan3816@qater.org,4-580-546-6218,Male,6/10/2021,Seattle,128.327853785049
355,Hannah Hall,434.340490042391,Public university,3/17/2022,Hannah Hall,Hannah Hall,Hannah_Hall4357@famism.biz,0-044-170-3041,Female,5/7/2020,Norfolk,45.332934496148
356,Mike Powell,94.9700644169795,Junior college,4/2/2022,Mike Powell,Mike Powell,Mike_Powell7979@twipet.com,6-718-103-7522,Male,5/2/2021,Madison,6.40814745678014
357,Percy Knight,337.271300196308,Public university,4/6/2022,Percy Knight,Percy Knight,Percy_Knight1707@twace.org,0-224-088-7753,Male,2/8/2021,Tallahassee,181.8263927851
358,Liam Jefferson,-45.8288132812962,Public university,3/4/2022,Liam Jefferson,Liam Jefferson,Liam_Jefferson5531@tonsy.org,3-311-822-3841,Male,7/6/2020,Cincinnati,55.9457169226118
359,Adalind Wright,-82.755170116087,Middle school,3/10/2022,Adalind Wright,Adalind Wright,Adalind_Wright412@deons.tech,4-230-323-7404,Female,7/8/2021,Milano,15.7607482605431
360,Michael Carter,80.8822702755603,High school,3/19/2022,Michael Carter,Michael Carter,Michael_Carter2275@qater.org,4-836-265-5024,Male,9/13/2020,Omaha,166.235844909789
361,Monica Miller,437.538765539666,Public university,4/18/2022,Monica Miller,Monica Miller,Monica_Miller3326@irrepsy.com,0-210-018-0274,Female,12/17/2021,Stockton,192.960703998786
362,Penelope Donnelly,289.576338496793,Junior college,4/18/2022,Penelope Donnelly,Penelope Donnelly,Penelope_Donnelly2175@eirey.tech,5-674-106-6256,Female,9/6/2021,Oklahoma City,5.91323154741583
363,Jasmine Pickard,487.361845182423,Technical college,3/31/2022,Jasmine Pickard,Jasmine Pickard,Jasmine_Pickard2870@acrit.org,7-058-884-7031,Female,10/23/2021,San Bernardino,159.936847182427
364,Benny Avery,391.86014232452,Technical college,4/6/2022,Benny Avery,Benny Avery,Benny_Avery4393@zorer.org,6-828-806-4082,Male,3/23/2022,Lyon,-9.3261693778104
365,Ronald Latham,441.779038571184,University-preparatory school,3/10/2022,Ronald Latham,Ronald Latham,Ronald_Latham5131@gompie.com,2-554-743-4712,Male,2/3/2021,Pittsburgh,40.5291895291438
366,Doug Rose,315.865621208151,University college,3/2/2022,Doug Rose,Doug Rose,Doug_Rose3061@twipet.com,2-438-236-4654,Male,7/15/2021,Madison,190.340471774964
367,Elijah Rose,-72.3925960233401,Graduate school,4/14/2022,Elijah Rose,Elijah Rose,Elijah_Rose425@guentu.biz,6-570-202-1486,Male,12/27/2021,Laredo,90.546282439747
368,Jazmin Allcott,35.0906542656434,Technical college,3/25/2022,Jazmin Allcott,Jazmin Allcott,Jazmin_Allcott7020@bulaffy.com,6-566-275-7416,Female,6/11/2020,Henderson,55.8408017204333
369,Johnny Mullins,-71.6618915366297,Junior college,3/17/2022,Johnny Mullins,Johnny Mullins,Johnny_Mullins2239@deavo.com,7-608-116-7245,Male,12/16/2021,Fremont,132.309805203839
370,Jayden Summers,7.5776357686043,Technical college,3/31/2022,Jayden Summers,Jayden Summers,Jayden_Summers697@atink.com,0-238-104-6034,Male,4/7/2022,New Orleans,135.215731205985
371,Harvey Robertson,233.433650720601,Junior college,3/29/2022,Harvey Robertson,Harvey Robertson,Harvey_Robertson7319@liret.org,8-134-737-3118,Male,10/19/2020,San Bernardino,70.4022134134556
372,Morgan Appleton,477.324570511619,Technical college,4/4/2022,Morgan Appleton,Morgan Appleton,Morgan_Appleton5031@extex.org,1-314-351-2752,Female,3/10/2022,Lancaster,62.3782797681067
373,Gloria Jordan,427.43174034936,Graduate school,3/12/2022,Gloria Jordan,Gloria Jordan,Gloria_Jordan3805@jiman.org,7-517-802-5550,Female,8/28/2020,Chicago,52.4085128630551
374,Quinn Driscoll,408.906242041805,Public university,3/23/2022,Quinn Driscoll,Quinn Driscoll,Quinn_Driscoll5121@liret.org,1-333-470-3127,Female,4/18/2022,Honolulu,145.212985578558
375,Carmella Oliver,489.995373960117,University college,4/7/2022,Carmella Oliver,Carmella Oliver,Carmella_Oliver3697@atink.com,3-037-171-0238,Female,6/27/2020,El Paso,83.7834102915523
376,Chad Miller,449.564166440426,University-preparatory school,3/23/2022,Chad Miller,Chad Miller,Chad_Miller5203@eirey.tech,8-713-651-3765,Male,7/29/2020,Oklahoma City,46.9196315239741
377,Nate Stanley,215.701577735926,University-preparatory school,3/9/2022,Nate Stanley,Nate Stanley,Nate_Stanley4211@kideod.biz,3-618-380-6260,Male,6/18/2020,Hayward,197.591982215919
378,Jack Ellis,-16.0983641627703,Junior college,3/15/2022,Jack Ellis,Jack Ellis,Jack_Ellis7125@sheye.org,6-422-286-0734,Male,8/10/2021,New York,91.4235488825587
379,Domenic Bloom,222.019832398286,Technical college,3/29/2022,Domenic Bloom,Domenic Bloom,Domenic_Bloom5492@nanoff.biz,2-582-474-6708,Male,3/27/2021,Worcester,109.865611412966
380,Chad Glass,303.380759558352,University college,4/14/2022,Chad Glass,Chad Glass,Chad_Glass6816@deons.tech,8-322-060-2536,Male,4/7/2022,Stockton,81.0990341068707
381,Rita Porter,-86.2671372877747,Middle school,4/13/2022,Rita Porter,Rita Porter,Rita_Porter5518@hourpy.biz,0-088-325-0642,Female,7/17/2020,Honolulu,47.8540359804658
382,Leroy Stanton,481.976912502189,University college,3/16/2022,Leroy Stanton,Leroy Stanton,Leroy_Stanton1654@elnee.tech,6-046-404-0743,Male,8/19/2020,Wien,145.201530154888
383,Nate Knight,142.5833497269,University-preparatory school,3/7/2022,Nate Knight,Nate Knight,Nate_Knight7688@cispeto.com,7-505-158-8632,Male,7/28/2021,Paris,134.434998558571
384,Chadwick Collins,201.081797690635,Gymnasium,4/1/2022,Chadwick Collins,Chadwick Collins,Chadwick_Collins208@eirey.tech,8-084-601-7217,Male,11/6/2020,Oakland,29.354146698189
385,Christy Fleming,105.141625677767,Corporate university,3/5/2022,Christy Fleming,Christy Fleming,Christy_Fleming6311@mafthy.com,4-512-053-4688,Female,10/22/2020,Bucharest,61.8889829511237
386,Marvin Farmer,23.6691386358203,Graduate school,4/3/2022,Marvin Farmer,Marvin Farmer,Marvin_Farmer806@gompie.com,1-552-716-5026,Male,12/9/2021,Lancaster,77.8754475125463
387,Katelyn Sylvester,122.438836337737,University-preparatory school,3/22/2022,Katelyn Sylvester,Katelyn Sylvester,Katelyn_Sylvester8020@sheye.org,7-536-461-5026,Female,3/2/2022,Bucharest,168.616217362516
388,Valerie Pond,-61.7096904761669,Technical college,3/14/2022,Valerie Pond,Valerie Pond,Valerie_Pond7236@naiker.biz,2-258-038-8337,Female,11/14/2021,Quebec,8.06800797724538
389,Sofie Benfield,238.564160012437,Public university,3/27/2022,Sofie Benfield,Sofie Benfield,Sofie_Benfield5713@ubusive.com,1-234-434-2807,Female,12/6/2021,Prague,125.846489460136
390,Stephanie Cox,59.6457934042652,Technical college,4/6/2022,Stephanie Cox,Stephanie Cox,Stephanie_Cox2701@hourpy.biz,6-705-430-3046,Female,3/5/2021,Rochester,-1.72814279502637
391,Emely Lindop,164.554054016971,Corporate university,3/3/2022,Emely Lindop,Emely Lindop,Emely_Lindop3785@iatim.tech,7-611-466-3852,Female,8/12/2021,Madrid,2.99553351430014
392,Manuel Rees,426.330353772422,Graduate school,3/18/2022,Manuel Rees,Manuel Rees,Manuel_Rees5552@nanoff.biz,5-678-321-0045,Male,10/13/2021,Tulsa,103.230781052369
393,Hayden Bingham,244.78278108583,Technical college,4/10/2022,Hayden Bingham,Hayden Bingham,Hayden_Bingham2039@qater.org,8-345-070-7420,Male,11/25/2020,Wien,154.578847265606
394,Nicholas Hudson,-9.68413148200332,Gymnasium,3/6/2022,Nicholas Hudson,Nicholas Hudson,Nicholas_Hudson4442@acrit.org,8-755-826-4845,Male,7/6/2020,New Orleans,130.702710440244
395,Priscilla Walsh,32.5400903958548,University college,3/11/2022,Priscilla Walsh,Priscilla Walsh,Priscilla_Walsh7976@iatim.tech,2-081-165-8732,Female,3/18/2021,Milano,22.8483485266791
396,Boris Hunt,298.370059017264,Graduate school,3/29/2022,Boris Hunt,Boris Hunt,Boris_Hunt1279@famism.biz,4-172-516-5586,Male,2/9/2021,El Paso,20.191815412227
397,Rufus Saunders,74.8936193705972,University-preparatory school,3/21/2022,Rufus Saunders,Rufus Saunders,Rufus_Saunders5948@iatim.tech,1-627-452-8775,Male,5/22/2021,Otawa,97.830064353454
398,Rocco Morgan,180.540856373748,Graduate school,4/11/2022,Rocco Morgan,Rocco Morgan,Rocco_Morgan6547@extex.org,8-825-107-3141,Male,1/15/2022,Charlotte,92.1775804577291
399,Barry Stone,132.802167626006,Technical college,3/13/2022,Barry Stone,Barry Stone,Barry_Stone5987@corti.com,6-175-223-7171,Male,8/5/2021,Lancaster,83.111012456059
400,Denny Raven,376.765460957664,Middle school,3/29/2022,Denny Raven,Denny Raven,Denny_Raven3308@acrit.org,6-504-102-5455,Male,4/13/2020,Paris,64.661472259863
401,Ally James,218.139800692042,High school,3/18/2022,Ally James,Ally James,Ally_James7045@jiman.org,8-743-051-8427,Female,4/3/2021,Pittsburgh,8.8580885063196
402,Fred Boden,3.27488644852996,Middle school,3/2/2022,Fred Boden,Fred Boden,Fred_Boden301@bulaffy.com,7-725-245-0103,Male,1/2/2022,Louisville,150.588504137745
403,Johnny Rowe,117.554051192735,High school,4/1/2022,Johnny Rowe,Johnny Rowe,Johnny_Rowe6755@kideod.biz,1-430-710-6200,Male,11/30/2020,Ontario,33.9956136443632
404,Tom Newton,308.575468885049,Public university,3/22/2022,Tom Newton,Tom Newton,Tom_Newton2871@gmail.com,8-452-541-1730,Male,11/10/2020,Kansas City,131.321185673271
405,Henry Duvall,4.51121359994226,Corporate university,4/9/2022,Henry Duvall,Henry Duvall,Henry_Duvall4386@nanoff.biz,1-861-261-3780,Male,7/21/2020,Long Beach,172.399162915721
406,Wade Marshall,-17.709438637695,Corporate university,3/14/2022,Wade Marshall,Wade Marshall,Wade_Marshall6379@nanoff.biz,6-317-350-7202,Male,10/8/2020,Scottsdale,187.427594850505
407,Elena Howard,434.945113130354,Corporate university,4/11/2022,Elena Howard,Elena Howard,Elena_Howard7199@sheye.org,5-162-680-5610,Female,3/16/2021,Escondido,188.259763793209
408,Luke Goodman,-13.963942056505,High school,3/26/2022,Luke Goodman,Luke Goodman,Luke_Goodman2135@qater.org,7-425-246-1043,Male,10/24/2020,Las Vegas,5.95432715721164
409,Anais Heaton,54.355962608641,Middle school,3/4/2022,Anais Heaton,Anais Heaton,Anais_Heaton7266@dionrab.com,0-531-512-4356,Female,2/28/2022,New York,190.0972266966
410,Bethany Radley,-38.4854892592344,Middle school,3/15/2022,Bethany Radley,Bethany Radley,Bethany_Radley8567@gembat.biz,8-242-080-2254,Female,5/1/2021,Garland,79.2065016763315
411,Michael Rogan,171.157542152869,Technical college,3/23/2022,Michael Rogan,Michael Rogan,Michael_Rogan2024@zorer.org,3-436-746-5876,Male,7/23/2021,Amarillo,125.968079715487
412,Rosalie Cobb,-56.3391427795119,Corporate university,4/13/2022,Rosalie Cobb,Rosalie Cobb,Rosalie_Cobb354@dionrab.com,8-061-117-5746,Female,2/10/2022,Houston,108.880707590785
413,Daron Anderson,227.822282883256,University-preparatory school,3/21/2022,Daron Anderson,Daron Anderson,Daron_Anderson1773@fuliss.net,0-876-672-7318,Male,7/11/2020,San Antonio,111.066421085534
414,Crystal Gunn,-33.2308485387968,University college,3/26/2022,Crystal Gunn,Crystal Gunn,Crystal_Gunn4358@bulaffy.com,5-646-201-4846,Female,11/13/2021,San Diego,132.252757573152
415,Johnny Santos,285.806988745372,Junior college,4/10/2022,Johnny Santos,Johnny Santos,Johnny_Santos9186@womeona.net,1-822-454-3060,Male,4/18/2020,Miami,86.1083383625878
416,Alison Hopkinson,217.577294957627,High school,3/2/2022,Alison Hopkinson,Alison Hopkinson,Alison_Hopkinson810@dionrab.com,2-085-458-6702,Female,9/19/2020,Minneapolis,189.501343638404
417,Cameron Briggs,212.467560593257,University college,3/23/2022,Cameron Briggs,Cameron Briggs,Cameron_Briggs9170@fuliss.net,8-857-007-7646,Female,12/27/2020,Nashville,187.409881399204
418,George Simpson,204.471050394453,Middle school,3/25/2022,George Simpson,George Simpson,George_Simpson9029@joiniaa.com,2-702-254-6541,Male,6/18/2020,Irving,77.1560680503752
419,Anabelle Baker,232.457343590659,Gymnasium,3/23/2022,Anabelle Baker,Anabelle Baker,Anabelle_Baker5116@bulaffy.com,7-703-434-0672,Female,1/10/2022,Scottsdale,54.3458987792702
420,Maya Norris,238.760098813921,Graduate school,3/16/2022,Maya Norris,Maya Norris,Maya_Norris4925@naiker.biz,1-052-704-3713,Female,3/30/2021,Lyon,140.061689605034
421,Freya Little,292.372164024679,Gymnasium,3/15/2022,Freya Little,Freya Little,Freya_Little7707@atink.com,2-101-621-3308,Female,8/26/2021,Zurich,15.6300916181086
422,Martin Vallory,465.442542056293,Corporate university,3/21/2022,Martin Vallory,Martin Vallory,Martin_Vallory7291@joiniaa.com,2-001-232-3373,Male,3/15/2021,Innsbruck,111.215440271988
423,Stella Mccormick,33.5106311838658,Technical college,3/12/2022,Stella Mccormick,Stella Mccormick,Stella_Mccormick557@naiker.biz,6-566-458-0506,Female,8/14/2021,Lisbon,22.4494651190236
424,Joseph Judd,365.449528120202,High school,4/10/2022,Joseph Judd,Joseph Judd,Joseph_Judd8240@famism.biz,0-305-076-2224,Male,1/23/2022,Salem,103.763994257787
425,Barney Needham,-55.9598780856281,University-preparatory school,4/12/2022,Barney Needham,Barney Needham,Barney_Needham1408@supunk.biz,0-705-756-8628,Male,10/1/2021,Laredo,83.275384959893
426,Tyler Clarke,44.9496175399747,Junior college,3/14/2022,Tyler Clarke,Tyler Clarke,Tyler_Clarke5727@brety.org,5-174-676-3845,Male,10/14/2020,Colorado Springs,117.96934587833
427,Meredith Mcgregor,412.342745851885,High school,3/29/2022,Meredith Mcgregor,Meredith Mcgregor,Meredith_Mcgregor5522@womeona.net,6-052-877-0040,Female,10/20/2021,Houston,87.9395561762804
428,Eden Kelly,213.190809031106,Junior college,3/16/2022,Eden Kelly,Eden Kelly,Eden_Kelly7800@bretoux.com,7-387-867-7405,Female,6/3/2021,El Paso,98.6011822948238
429,Bethany Turner,76.9681392372437,Technical college,3/29/2022,Bethany Turner,Bethany Turner,Bethany_Turner3750@yahoo.com,7-211-865-2276,Female,10/10/2020,Phoenix,27.2198269843216
430,Alan Purvis,181.404252465537,Middle school,3/6/2022,Alan Purvis,Alan Purvis,Alan_Purvis2699@typill.biz,1-086-632-1222,Male,2/12/2021,Fullerton,37.6384518987678
431,Cedrick Poole,347.797067367377,Graduate school,4/8/2022,Cedrick Poole,Cedrick Poole,Cedrick_Poole7371@twipet.com,7-005-322-5430,Male,1/3/2021,Paris,-5.92268725946671
432,Barney Alexander,228.91633558316,University college,3/17/2022,Barney Alexander,Barney Alexander,Barney_Alexander6514@bretoux.com,3-583-235-6655,Male,12/26/2020,Glendale,-3.25921744073705
433,Ramon Hunter,302.198214286565,Middle school,3/24/2022,Ramon Hunter,Ramon Hunter,Ramon_Hunter1137@ovock.tech,6-705-234-0642,Male,2/21/2021,Lincoln,20.9614848405875
434,Jennifer Lynch,-57.6777274821316,University college,4/15/2022,Jennifer Lynch,Jennifer Lynch,Jennifer_Lynch1835@naiker.biz,6-568-121-2820,Female,5/22/2020,Reno,86.3017591299963
435,Mya Uttley,368.62152992311,Technical college,4/10/2022,Mya Uttley,Mya Uttley,Mya_Uttley6511@gembat.biz,2-464-665-3778,Female,4/19/2020,Saint Paul,46.6892842243841
436,Manuel Stuart,-57.9301662505279,Technical college,4/11/2022,Manuel Stuart,Manuel Stuart,Manuel_Stuart5813@tonsy.org,7-206-431-6410,Male,10/16/2020,Garland,82.8145661353201
437,Lauren Groves,260.36731350765,High school,3/22/2022,Lauren Groves,Lauren Groves,Lauren_Groves7150@eirey.tech,0-250-685-5535,Female,2/22/2022,Innsbruck,94.0996921249198
438,Piper Morgan,165.459823648659,Junior college,4/4/2022,Piper Morgan,Piper Morgan,Piper_Morgan7045@liret.org,7-678-157-3767,Female,9/26/2021,New Orleans,145.637378015387
439,Nick Roscoe,478.333424648425,University-preparatory school,4/11/2022,Nick Roscoe,Nick Roscoe,Nick_Roscoe2176@gompie.com,4-816-407-8130,Male,4/9/2020,Garland,145.033975550921
440,Sebastian Brown,76.7614022985852,Middle school,4/8/2022,Sebastian Brown,Sebastian Brown,Sebastian_Brown4283@fuliss.net,3-513-144-8567,Male,4/15/2022,Tallahassee,-0.863618122815908
441,Valentina Tait,-77.6703072919838,Public university,4/1/2022,Valentina Tait,Valentina Tait,Valentina_Tait4903@ubusive.com,5-635-676-1176,Female,3/30/2021,London,132.838309568278
442,Elise Briggs,221.944528086551,University-preparatory school,3/28/2022,Elise Briggs,Elise Briggs,Elise_Briggs1060@zorer.org,2-131-656-6057,Female,5/7/2020,Berlin,1.35230117261051
443,Noah Whatson,31.8541471692054,University-preparatory school,3/11/2022,Noah Whatson,Noah Whatson,Noah_Whatson78@joiniaa.com,5-083-212-2658,Male,9/2/2021,Anaheim,189.011901362805
444,Sebastian Jennson,-65.0272461506665,University-preparatory school,4/15/2022,Sebastian Jennson,Sebastian Jennson,Sebastian_Jennson1366@mafthy.com,5-011-708-2366,Male,1/28/2021,Salem,55.7376486383088
445,Crystal Gilmour,-50.8415395840265,University-preparatory school,3/1/2022,Crystal Gilmour,Crystal Gilmour,Crystal_Gilmour6017@womeona.net,7-502-543-2365,Female,9/30/2020,Norfolk,70.4023924532358
446,Jacob Garcia,79.386837121745,Technical college,3/1/2022,Jacob Garcia,Jacob Garcia,Jacob_Garcia825@infotech44.tech,8-718-036-4070,Male,6/29/2020,Sacramento,169.363196990622
447,Scarlett Uddin,91.161089528427,Middle school,3/14/2022,Scarlett Uddin,Scarlett Uddin,Scarlett_Uddin5079@vetan.org,3-266-605-4228,Female,3/9/2021,Detroit,-4.82035690630803
448,Melania Morris,-61.585372255922,Public university,3/26/2022,Melania Morris,Melania Morris,Melania_Morris6780@famism.biz,7-415-037-7603,Female,11/6/2021,Santa Ana,141.090148250149
449,Ron Kaur,-9.33311240949347,Gymnasium,3/13/2022,Ron Kaur,Ron Kaur,Ron_Kaur1196@hourpy.biz,6-510-827-3782,Male,11/13/2020,Jacksonville,97.6543246855281
450,Gil Oliver,411.370117805605,University-preparatory school,3/17/2022,Gil Oliver,Gil Oliver,Gil_Oliver361@tonsy.org,5-526-355-5582,Male,12/10/2021,Toledo,94.9777375291929
451,Chester Bryant,457.758932944741,Gymnasium,4/8/2022,Chester Bryant,Chester Bryant,Chester_Bryant6942@nanoff.biz,5-676-708-0618,Male,8/28/2020,Amarillo,82.4945997155712
452,Carl Forester,181.033737458304,Gymnasium,4/3/2022,Carl Forester,Carl Forester,Carl_Forester7683@extex.org,0-876-406-1714,Male,1/29/2021,Lisbon,101.750118192635
453,Javier Glass,39.0537234382023,Corporate university,3/15/2022,Javier Glass,Javier Glass,Javier_Glass5928@tonsy.org,3-817-130-8012,Male,10/21/2020,Colorado Springs,83.9582518827907
454,Hank Vincent,429.828597594904,Gymnasium,4/3/2022,Hank Vincent,Hank Vincent,Hank_Vincent2339@famism.biz,0-101-323-3385,Male,9/6/2021,Louisville,72.2419459206247
455,Leroy Lowe,-13.0062531898759,University-preparatory school,3/3/2022,Leroy Lowe,Leroy Lowe,Leroy_Lowe6318@liret.org,6-712-424-1730,Male,3/16/2021,Amarillo,121.728990649678
456,Luke Roth,38.7951924967557,Corporate university,3/3/2022,Luke Roth,Luke Roth,Luke_Roth9039@grannar.com,0-667-855-7682,Male,7/27/2021,Valetta,51.8582453508201
457,Fiona Knight,73.8209046012819,High school,3/27/2022,Fiona Knight,Fiona Knight,Fiona_Knight2499@qater.org,7-870-866-1527,Female,2/27/2021,Omaha,50.3642550298778
458,Chadwick Partridge,203.321477396098,Graduate school,3/21/2022,Chadwick Partridge,Chadwick Partridge,Chadwick_Partridge2244@liret.org,3-404-471-5860,Male,6/14/2020,Phoenix,36.9622578006062
459,Cecilia Alldridge,285.483538680935,Graduate school,3/21/2022,Cecilia Alldridge,Cecilia Alldridge,Cecilia_Alldridge7994@mafthy.com,7-304-536-0635,Female,2/10/2022,El Paso,126.575529972825
460,Cedrick Bradshaw,167.12824290764,Junior college,4/9/2022,Cedrick Bradshaw,Cedrick Bradshaw,Cedrick_Bradshaw3600@cispeto.com,1-102-708-0401,Male,2/20/2021,Boston,14.005227865188
461,Moira Tutton,231.700326979952,Graduate school,4/16/2022,Moira Tutton,Moira Tutton,Moira_Tutton8362@womeona.net,8-374-278-3385,Female,9/28/2020,Bridgeport,96.0719101466573
462,Payton Spencer,357.449517493811,Junior college,3/30/2022,Payton Spencer,Payton Spencer,Payton_Spencer1109@bauros.biz,2-542-758-4826,Female,9/3/2021,Hollywood,13.9380300487103
463,Mya Haines,187.519059574939,Corporate university,3/31/2022,Mya Haines,Mya Haines,Mya_Haines4054@yahoo.com,4-212-464-3350,Female,7/6/2020,Fullerton,87.2900436470704
464,Ema Bishop,400.020815097737,Technical college,3/7/2022,Ema Bishop,Ema Bishop,Ema_Bishop2121@sheye.org,7-412-341-2446,Female,7/9/2021,Innsbruck,77.555298812946
465,Abdul Wheeler,494.172523254143,Technical college,3/21/2022,Abdul Wheeler,Abdul Wheeler,Abdul_Wheeler8256@sveldo.biz,1-172-580-0461,Male,2/8/2022,Minneapolis,-3.2217412917976
466,Anthony Lewin,371.003205722199,University-preparatory school,3/26/2022,Anthony Lewin,Anthony Lewin,Anthony_Lewin4084@womeona.net,7-634-263-8313,Male,8/23/2021,Milwaukee,7.20662818765576
467,Owen James,-29.8478031050636,Technical college,3/21/2022,Owen James,Owen James,Owen_James8868@jiman.org,0-112-045-0480,Male,3/31/2021,Indianapolis,165.445408930278
468,Evelynn Holmes,271.890163092823,Junior college,3/30/2022,Evelynn Holmes,Evelynn Holmes,Evelynn_Holmes8524@iatim.tech,7-482-842-5538,Female,1/20/2022,San Diego,179.308147330912
469,Doug Edley,433.616710690137,Graduate school,3/25/2022,Doug Edley,Doug Edley,Doug_Edley2581@vetan.org,1-522-743-6512,Male,6/3/2021,Minneapolis,198.965114417004
470,Maddison Fisher,143.678479317892,Middle school,4/2/2022,Maddison Fisher,Maddison Fisher,Maddison_Fisher1592@nanoff.biz,1-277-052-4011,Female,10/2/2020,Amarillo,54.7602073856444
471,Miley Osmond,237.518667821083,Technical college,3/11/2022,Miley Osmond,Miley Osmond,Miley_Osmond2106@joiniaa.com,2-401-468-8104,Female,3/27/2021,Hollywood,74.3380048206719
472,Chloe Lewin,9.08602917477769,University college,4/7/2022,Chloe Lewin,Chloe Lewin,Chloe_Lewin205@gembat.biz,2-778-115-2503,Female,2/22/2022,Lancaster,129.058673896388
473,Ron Tyler,389.795383771786,University college,3/15/2022,Ron Tyler,Ron Tyler,Ron_Tyler4654@deavo.com,0-072-860-6831,Male,12/25/2020,New Orleans,-0.322559381985366
474,Kassandra Savage,147.544126335319,University-preparatory school,3/4/2022,Kassandra Savage,Kassandra Savage,Kassandra_Savage2644@dionrab.com,4-023-402-5358,Female,8/13/2020,San Diego,119.029866070966
475,Chad Blythe,371.178321476177,Junior college,4/3/2022,Chad Blythe,Chad Blythe,Chad_Blythe6796@bauros.biz,7-636-608-4113,Male,5/24/2020,Tokyo,86.6057823494104
476,Owen Mould,414.619641919909,Graduate school,3/15/2022,Owen Mould,Owen Mould,Owen_Mould8012@mafthy.com,6-671-377-3351,Male,8/17/2020,Saint Paul,95.4585599826922
477,Katelyn Edwards,38.1084520076907,Gymnasium,4/10/2022,Katelyn Edwards,Katelyn Edwards,Katelyn_Edwards8788@naiker.biz,5-356-513-2321,Female,11/21/2021,Lancaster,94.5905383213379
478,Liliana Franks,229.305848229353,Graduate school,3/24/2022,Liliana Franks,Liliana Franks,Liliana_Franks741@supunk.biz,8-474-442-2411,Female,4/16/2022,Saint Paul,175.155670295076
479,Jackeline Wise,93.1806535051114,Junior college,4/9/2022,Jackeline Wise,Jackeline Wise,Jackeline_Wise4668@tonsy.org,6-371-580-4132,Female,1/24/2021,Denver,31.0573251704021
480,Freya Parsons,465.505741794829,Middle school,3/12/2022,Freya Parsons,Freya Parsons,Freya_Parsons2119@hourpy.biz,1-084-618-4443,Female,10/26/2021,Santa Ana,187.261450770898
481,Barry Utterson,85.8413550969406,Junior college,3/20/2022,Barry Utterson,Barry Utterson,Barry_Utterson2699@qater.org,7-840-037-5316,Male,7/8/2021,Detroit,85.3025004595064
482,Leroy Woods,-85.3831039170656,Middle school,4/5/2022,Leroy Woods,Leroy Woods,Leroy_Woods7827@extex.org,1-164-125-5482,Male,4/30/2020,Glendale,164.224315642018
483,Michael Campbell,128.608270304561,University-preparatory school,4/13/2022,Michael Campbell,Michael Campbell,Michael_Campbell3237@gompie.com,3-515-384-2827,Male,3/24/2022,Ontario,141.034215282665
484,Julianna Webster,66.4538319993083,Public university,4/10/2022,Julianna Webster,Julianna Webster,Julianna_Webster3172@bauros.biz,2-138-188-0634,Female,10/23/2020,Sacramento,166.904378923077
485,Leah Bolton,-73.8808786589098,Junior college,3/18/2022,Leah Bolton,Leah Bolton,Leah_Bolton8672@joiniaa.com,0-544-558-3005,Female,3/1/2022,Cincinnati,144.417025339984
486,Elisabeth Jackson,189.59808400534,Public university,3/6/2022,Elisabeth Jackson,Elisabeth Jackson,Elisabeth_Jackson1927@elnee.tech,5-784-572-5764,Female,9/27/2021,Rochester,88.3541259082752
487,Sienna Drummond,173.155983512362,High school,3/8/2022,Sienna Drummond,Sienna Drummond,Sienna_Drummond3942@twipet.com,4-860-384-1141,Female,10/3/2021,Toledo,197.005704414102
488,Sonya Morris,31.620418104632,University-preparatory school,3/21/2022,Sonya Morris,Sonya Morris,Sonya_Morris9001@brety.org,0-338-803-5163,Female,3/24/2021,Madrid,38.3888696634159
489,Clint Oswald,115.048436163482,Public university,4/3/2022,Clint Oswald,Clint Oswald,Clint_Oswald2094@bauros.biz,5-260-137-5653,Male,11/18/2020,Huntsville,191.707823126906
490,Peter Ellery,-40.7815797695804,Technical college,3/2/2022,Peter Ellery,Peter Ellery,Peter_Ellery9920@typill.biz,5-886-765-2355,Male,7/18/2020,Denver,126.943977027174
491,Caydence Wilson,385.274148088542,University-preparatory school,3/11/2022,Caydence Wilson,Caydence Wilson,Caydence_Wilson9937@qater.org,3-676-831-4026,Female,12/8/2021,Ontario,176.989966634191
492,Adalind Walsh,417.131105399286,Graduate school,3/5/2022,Adalind Walsh,Adalind Walsh,Adalind_Walsh1623@atink.com,0-362-823-5681,Female,12/30/2021,Louisville,1.25947039819298
493,Rick Hall,377.555257756522,Middle school,4/11/2022,Rick Hall,Rick Hall,Rick_Hall6406@infotech44.tech,8-715-805-4562,Male,9/24/2020,Richmond,82.1112872819003
494,Marilyn Janes,315.527339001897,Corporate university,3/29/2022,Marilyn Janes,Marilyn Janes,Marilyn_Janes5689@dionrab.com,6-081-063-8775,Female,11/22/2021,Seattle,147.841904304848
495,Noah Evans,117.813335983461,Technical college,3/9/2022,Noah Evans,Noah Evans,Noah_Evans9377@corti.com,3-054-128-2274,Male,3/24/2021,Fort Lauderdale,195.028519130791
496,Mina Coates,499.158572910893,Gymnasium,4/4/2022,Mina Coates,Mina Coates,Mina_Coates1224@muall.tech,5-822-418-6233,Female,11/10/2021,Innsbruck,161.284053556288
497,Sofia Curtis,-14.8867103345165,Public university,3/5/2022,Sofia Curtis,Sofia Curtis,Sofia_Curtis705@gmail.com,3-117-212-2612,Female,2/7/2021,Oakland,84.8242921274268
498,Gladys Stanton,290.925530882052,Graduate school,4/9/2022,Gladys Stanton,Gladys Stanton,Gladys_Stanton7560@corti.com,1-208-355-2685,Female,11/2/2020,Bellevue,61.8823154633317
499,Ronald Spencer,-17.4286630532838,Corporate university,3/25/2022,Ronald Spencer,Ronald Spencer,Ronald_Spencer9722@atink.com,7-860-438-2401,Male,4/15/2020,Orlando,137.075440919993
500,Alexander Blackwall,-92.5054421282864,Technical college,3/6/2022,Alexander Blackwall,Alexander Blackwall,Alexander_Blackwall4641@atink.com,7-666-553-1210,Male,8/31/2021,Long Beach,170.145803637871
501,Hayden Andrews,466.313288653881,Graduate school,4/15/2022,Hayden Andrews,Hayden Andrews,Hayden_Andrews9809@typill.biz,3-083-324-3605,Female,12/1/2021,Phoenix,195.989563285368
502,Jayden Wallace,338.366706628523,Graduate school,4/9/2022,Jayden Wallace,Jayden Wallace,Jayden_Wallace4088@guentu.biz,6-235-273-1774,Male,8/16/2021,Milano,17.5994619771836
503,Kaylee Gavin,428.534034218422,University college,3/18/2022,Kaylee Gavin,Kaylee Gavin,Kaylee_Gavin8038@twace.org,5-317-332-8426,Female,11/6/2020,Denver,142.670683460157
504,Jessica Briggs,436.347557919262,University-preparatory school,3/23/2022,Jessica Briggs,Jessica Briggs,Jessica_Briggs2677@gmail.com,5-068-043-1621,Female,10/1/2020,Jacksonville,60.2975543464057
505,Nicholas Underhill,408.872083356544,University-preparatory school,3/23/2022,Nicholas Underhill,Nicholas Underhill,Nicholas_Underhill5523@acrit.org,0-281-057-2564,Male,9/8/2021,Scottsdale,22.8640071460344
506,Michael Shaw,427.060085677104,High school,3/11/2022,Michael Shaw,Michael Shaw,Michael_Shaw6678@famism.biz,2-181-735-1880,Male,8/27/2021,Baltimore,72.8089614872862
507,Wade Harrington,177.807066493578,University-preparatory school,3/19/2022,Wade Harrington,Wade Harrington,Wade_Harrington8157@gmail.com,6-852-778-2288,Male,7/22/2020,Memphis,161.067803747518
508,Henry Riley,154.826596228325,Middle school,4/4/2022,Henry Riley,Henry Riley,Henry_Riley5114@liret.org,2-152-704-1371,Male,10/30/2020,Arlington,116.184030557603
509,Keira Irwin,387.292479074696,Public university,3/23/2022,Keira Irwin,Keira Irwin,Keira_Irwin7116@jiman.org,7-765-652-0166,Female,7/18/2020,Worcester,177.38658004924
