id,firstname,lastname,email,salary,dob
100,Gerianna,Robertson,Gerianna.Robertson@yopmail.com,551.76,1992-10-10
101,Valera,Cullin,Valera.Cullin@yopmail.com,900.28,1989-05-16
102,Jeanna,Thornburg,Jeanna.Thornburg@yopmail.com,782.84,1989-03-19
103,Barbara,Matthew,Barbara.Matthew@yopmail.com,336.38,1981-06-28
104,Minda,Jarib,Minda.Jarib@yopmail.com,879.9,1986-02-14
105,Elie,Newell,Elie.Newell@yopmail.com,769.64,1983-09-21
106,Gwenneth,Emmaline,Gwenneth.Emmaline@yopmail.com,734.77,1997-09-07
107,Christy,Valoniah,Christy.Valoniah@yopmail.com,609.53,1996-03-26
108,Eugine,Jillane,Eugine.Jillane@yopmail.com,8.37,1982-12-10
109,Sallie,Marijo,Sallie.Marijo@yopmail.com,586.21,1989-02-07
110,Carlie,Kelula,Carlie.Kelula@yopmail.com,531.32,1992-01-20
111,Briney,O'Carroll,Briney.O'Carroll@yopmail.com,391.76,1983-12-28
112,Althea,Borrell,Althea.Borrell@yopmail.com,856.32,1994-10-22
113,Feliza,Demitria,Feliza.Demitria@yopmail.com,983.75,1991-09-03
114,Chloris,Edmund,Chloris.Edmund@yopmail.com,629.39,1998-07-11
115,Melisent,Herrera,Melisent.Herrera@yopmail.com,795.67,1989-06-19
116,Dominga,Hirsch,Dominga.Hirsch@yopmail.com,870.05,1983-04-28
117,Nikki,Tristram,Nikki.Tristram@yopmail.com,159.58,1996-08-07
118,Gianina,Hubert,Gianina.Hubert@yopmail.com,432,1986-09-23
119,Consuela,Solitta,Consuela.Solitta@yopmail.com,580.55,1988-10-10
120,Gilligan,Zrike,Gilligan.Zrike@yopmail.com,339.34,1987-02-06
121,Moyna,Parsaye,Moyna.Parsaye@yopmail.com,202.7,1989-06-11
122,Petronia,Carbo,Petronia.Carbo@yopmail.com,661.45,1988-02-24
123,Beverley,Chesna,Beverley.Chesna@yopmail.com,201.22,1997-04-25
124,Edith,Fancie,Edith.Fancie@yopmail.com,539.11,1990-06-18
125,Kore,Maroney,Kore.Maroney@yopmail.com,690.65,1984-04-16
126,Amalie,Genna,Amalie.Genna@yopmail.com,149.88,1980-07-04
127,Arlina,Zuzana,Arlina.Zuzana@yopmail.com,587.93,1987-12-18
128,Gerrie,Judye,Gerrie.Judye@yopmail.com,797.35,1998-05-09
129,Cam,Jacqui,Cam.Jacqui@yopmail.com,819.88,1995-02-25
130,Edee,Reidar,Edee.Reidar@yopmail.com,844.82,1984-05-07
131,Renae,Goode,Renae.Goode@yopmail.com,794.14,1990-08-26
132,Alejandra,Sigfrid,Alejandra.Sigfrid@yopmail.com,347.6,1987-11-16
133,Sibella,Allina,Sibella.Allina@yopmail.com,461.19,1988-08-20
134,Paule,Izaak,Paule.Izaak@yopmail.com,466.5,1988-07-11
135,Gwenneth,Maisey,Gwenneth.Maisey@yopmail.com,991.68,1993-06-12
136,Addia,Diogenes,Addia.Diogenes@yopmail.com,7.53,1993-12-19
137,Margette,Johanna,Margette.Johanna@yopmail.com,266.44,1992-05-16
138,Zsa Zsa,Mott,Zsa Zsa.Mott@yopmail.com,803.65,1987-11-06
139,Selia,Blase,Selia.Blase@yopmail.com,443.93,1992-08-06
140,Alejandra,Jaylene,Alejandra.Jaylene@yopmail.com,953.66,1994-04-29
141,Kenna,Kellby,Kenna.Kellby@yopmail.com,994.74,1992-09-29
142,Ivett,Nickola,Ivett.Nickola@yopmail.com,837.05,1994-12-06
143,Abbie,Lynn,Abbie.Lynn@yopmail.com,917.93,1995-02-15
144,Agathe,Milson,Agathe.Milson@yopmail.com,606.37,1995-10-01
145,Carilyn,Trace,Carilyn.Trace@yopmail.com,694.3,1997-07-05
146,Leeanne,Girardo,Leeanne.Girardo@yopmail.com,63.86,1987-12-30
147,Renae,Harned,Renae.Harned@yopmail.com,121.31,1986-05-11
148,Carolina,Howlyn,Carolina.Howlyn@yopmail.com,812.97,1984-05-01
149,Bibby,Lacombe,Bibby.Lacombe@yopmail.com,674.02,1993-04-24
150,Kelly,Melan,Kelly.Melan@yopmail.com,35.79,1993-07-22
151,Leia,Fink,Leia.Fink@yopmail.com,327.52,1999-05-04
152,Henriette,Ranjiv,Henriette.Ranjiv@yopmail.com,286.45,1980-08-23
153,Lorne,Read,Lorne.Read@yopmail.com,99.92,1981-10-21
154,Dorothy,Weide,Dorothy.Weide@yopmail.com,457.86,1988-03-04
155,Asia,Bryna,Asia.Bryna@yopmail.com,661.8,1992-11-24
156,Catharine,Eno,Catharine.Eno@yopmail.com,974.8,1997-02-09
157,Randa,Merna,Randa.Merna@yopmail.com,465.53,1997-08-08
158,Ketti,Sothena,Ketti.Sothena@yopmail.com,897.25,1982-11-15
159,Augustine,Shaver,Augustine.Shaver@yopmail.com,86.71,1984-01-22
160,Cherrita,Keily,Cherrita.Keily@yopmail.com,350.41,1997-11-03
161,Celisse,Vacuva,Celisse.Vacuva@yopmail.com,424.86,1999-06-05
162,Tilly,Pettiford,Tilly.Pettiford@yopmail.com,487.18,1993-02-07
163,Mariann,Nickola,Mariann.Nickola@yopmail.com,22.97,1991-09-26
164,Caritta,Blisse,Caritta.Blisse@yopmail.com,539.58,1985-01-29
165,Mildrid,Virgin,Mildrid.Virgin@yopmail.com,794.76,1995-05-04
166,Alexine,Jarib,Alexine.Jarib@yopmail.com,111.91,1990-09-06
167,Marinna,Gaynor,Marinna.Gaynor@yopmail.com,849.51,1980-07-07
168,Riannon,Amadas,Riannon.Amadas@yopmail.com,674.06,1993-11-01
169,Alie,Barney,Alie.Barney@yopmail.com,958.02,1993-08-11
170,Dode,Vharat,Dode.Vharat@yopmail.com,815.72,1994-12-14
171,Anestassia,Cleavland,Anestassia.Cleavland@yopmail.com,58.58,1998-10-25
172,Constance,Caitlin,Constance.Caitlin@yopmail.com,826.14,1998-07-03
173,Nadine,Shama,Nadine.Shama@yopmail.com,287.53,1988-09-07
174,Leona,Serilda,Leona.Serilda@yopmail.com,608.01,1984-09-04
175,Dorice,Brodench,Dorice.Brodench@yopmail.com,987.94,1986-11-12
176,Chickie,Ajay,Chickie.Ajay@yopmail.com,188.76,1988-04-02
177,Reeba,Korey,Reeba.Korey@yopmail.com,341.8,1982-04-15
178,Janeczka,Ashely,Janeczka.Ashely@yopmail.com,499.36,1986-03-19
179,Elmira,Susannah,Elmira.Susannah@yopmail.com,166.92,1983-01-11
180,Tobe,Mata,Tobe.Mata@yopmail.com,683.35,1988-04-23
181,Janis,Rillings,Janis.Rillings@yopmail.com,820.49,1982-04-23
182,Mureil,Tybald,Mureil.Tybald@yopmail.com,285.95,1997-11-18
183,Sharlene,Mathilde,Sharlene.Mathilde@yopmail.com,612.66,1985-10-04
184,Madalyn,Longfellow,Madalyn.Longfellow@yopmail.com,173.88,1987-03-27
185,Devina,Fink,Devina.Fink@yopmail.com,942.93,1997-06-06
186,Viviene,Verger,Viviene.Verger@yopmail.com,691.58,1993-06-24
187,Alex,Richers,Alex.Richers@yopmail.com,177.09,1984-05-18
188,Edyth,Raimondo,Edyth.Raimondo@yopmail.com,267.05,1992-03-08
189,Shell,Erskine,Shell.Erskine@yopmail.com,569.48,1990-05-08
190,Mellicent,Berl,Mellicent.Berl@yopmail.com,482.12,1999-06-13
191,Leontine,Tryck,Leontine.Tryck@yopmail.com,828.95,1998-02-27
192,Silvana,Screens,Silvana.Screens@yopmail.com,892.83,1982-06-08
193,Aaren,Roche,Aaren.Roche@yopmail.com,430.85,1981-04-25
194,Albertina,Baudin,Albertina.Baudin@yopmail.com,897.82,1999-08-25
195,Kayla,Lucienne,Kayla.Lucienne@yopmail.com,124.87,1996-09-27
196,Bernardine,Woodberry,Bernardine.Woodberry@yopmail.com,761.4,1981-11-10
197,Blinni,Lamoree,Blinni.Lamoree@yopmail.com,1.11,1991-08-26
198,Nonnah,Delp,Nonnah.Delp@yopmail.com,319.95,1984-01-03
199,Monika,Stoller,Monika.Stoller@yopmail.com,23.68,1987-09-14